{"stats":{"minecraft:custom":{"minecraft:interact_with_crafting_table":400,"minecraft:open_barrel":6,"minecraft:bell_ring":155,"minecraft:leave_game":107,"minecraft:time_since_death":144,"minecraft:damage_blocked_by_shield":3530,"minecraft:deaths":52,"minecraft:jump":44289,"minecraft:enchant_item":108,"minecraft:interact_with_furnace":530,"minecraft:play_record":2,"minecraft:traded_with_villager":916,"minecraft:interact_with_cartography_table":4,"minecraft:sleep_in_bed":18,"minecraft:damage_dealt":999117,"minecraft:interact_with_smoker":3,"minecraft:inspect_dispenser":43,"minecraft:horse_one_cm":76420,"minecraft:interact_with_smithing_table":18,"minecraft:inspect_dropper":3,"minecraft:interact_with_anvil":153,"minecraft:inspect_hopper":78,"minecraft:sneak_time":284281,"minecraft:interact_with_blast_furnace":10,"minecraft:tune_noteblock":5,"minecraft:time_since_rest":175,"minecraft:swim_one_cm":111891,"minecraft:fly_one_cm":18062342,"minecraft:open_chest":2568,"minecraft:fall_one_cm":1182345,"minecraft:animals_bred":268,"minecraft:open_shulker_box":240,"minecraft:damage_resisted":1126,"minecraft:sprint_one_cm":12953544,"minecraft:drop":1221,"minecraft:play_noteblock":2,"minecraft:talked_to_villager":459,"minecraft:interact_with_brewingstand":122,"minecraft:walk_on_water_one_cm":700574,"minecraft:play_one_minute":3730762,"minecraft:open_enderchest":442,"minecraft:interact_with_beacon":44,"minecraft:player_kills":2,"minecraft:crouch_one_cm":938681,"minecraft:mob_kills":8329,"minecraft:climb_one_cm":355171,"minecraft:walk_one_cm":14146304,"minecraft:raid_win":2,"minecraft:walk_under_water_one_cm":797138,"minecraft:boat_one_cm":935675,"minecraft:raid_trigger":3,"minecraft:interact_with_grindstone":93,"minecraft:damage_taken":74670,"minecraft:damage_absorbed":1677,"minecraft:minecart_one_cm":114199,"minecraft:aviate_one_cm":38173840},"minecraft:picked_up":{"minecraft:seagrass":6,"minecraft:iron_chestplate":8,"minecraft:anvil":5,"minecraft:smithing_table":3,"minecraft:lead":6,"minecraft:diamond_sword":7,"minecraft:enchanted_book":25,"minecraft:golden_shovel":2,"minecraft:brewing_stand":11,"minecraft:golden_sword":9,"minecraft:music_disc_cat":2,"minecraft:string":303,"minecraft:dark_oak_trapdoor":6,"minecraft:soul_soil":2,"minecraft:cooked_salmon":4,"minecraft:diamond_leggings":5,"minecraft:gold_nugget":817,"minecraft:melon_slice":7,"minecraft:dark_oak_door":6,"minecraft:golden_helmet":3,"minecraft:composter":1,"minecraft:purpur_pillar":1,"minecraft:golden_axe":1,"minecraft:golden_chestplate":2,"minecraft:stone_sword":10,"minecraft:iron_block":1,"minecraft:carved_pumpkin":5,"minecraft:end_rod":1,"minecraft:netherite_chestplate":9,"minecraft:blaze_rod":164,"minecraft:birch_log":9,"minecraft:magma_block":41,"minecraft:feather":1,"minecraft:cooked_beef":1329,"minecraft:iron_door":18,"minecraft:water_bucket":8,"minecraft:dark_oak_boat":22,"minecraft:flint":33,"minecraft:netherite_leggings":11,"minecraft:lantern":23,"minecraft:twisting_vines":26,"minecraft:chipped_anvil":2,"minecraft:diamond_helmet":3,"minecraft:glowstone_dust":51,"minecraft:honeycomb":9,"minecraft:ink_sac":107,"minecraft:acacia_stairs":2,"minecraft:fermented_spider_eye":1,"minecraft:dark_oak_log":860,"minecraft:quartz_bricks":12,"minecraft:lever":1,"minecraft:granite":272,"minecraft:chainmail_helmet":1,"minecraft:bread":63,"minecraft:light_gray_carpet":1,"minecraft:dark_oak_fence":26,"minecraft:diamond_pickaxe":15,"minecraft:crafting_table":23,"minecraft:bee_nest":7,"minecraft:nether_wart":99,"minecraft:leather_leggings":2,"minecraft:dragon_head":1,"minecraft:purpur_block":7,"minecraft:cornflower":31,"minecraft:elytra":12,"minecraft:acacia_door":1,"minecraft:netherite_scrap":3,"minecraft:compass":1,"minecraft:white_carpet":97,"minecraft:iron_shovel":2,"minecraft:cracked_stone_bricks":11,"minecraft:netherite_sword":25,"minecraft:beef":327,"minecraft:poppy":28,"minecraft:jungle_sapling":1,"minecraft:iron_nugget":66,"minecraft:minecart":51,"minecraft:chest":5,"minecraft:birch_sapling":2,"minecraft:egg":9,"minecraft:sandstone":16,"minecraft:stone":229,"minecraft:fire_charge":2,"minecraft:carrot":3,"minecraft:redstone":342,"minecraft:netherite_pickaxe":16,"minecraft:diamond_chestplate":7,"minecraft:beetroot_seeds":2,"minecraft:peony":2,"minecraft:shears":1,"minecraft:diamond_boots":3,"minecraft:yellow_terracotta":2,"minecraft:gold_ingot":71,"minecraft:totem_of_undying":9,"minecraft:polished_blackstone":3,"minecraft:mutton":24,"minecraft:white_wool":174,"minecraft:rail":185,"minecraft:oxeye_daisy":24,"minecraft:birch_leaves":7,"minecraft:clock":2,"minecraft:red_mushroom":10,"minecraft:acacia_wood":2,"minecraft:oak_log":119,"minecraft:ancient_debris":123,"minecraft:golden_boots":5,"minecraft:paper":33,"minecraft:white_banner":8,"minecraft:apple":6,"minecraft:stone_bricks":33,"minecraft:kelp":236,"minecraft:iron_ore":291,"minecraft:glass_bottle":4,"minecraft:iron_sword":8,"minecraft:dark_oak_stairs":50,"minecraft:dark_oak_slab":70,"minecraft:sweet_berries":440,"minecraft:gravel":115,"minecraft:spruce_sapling":6,"minecraft:leather_helmet":2,"minecraft:firework_rocket":86,"minecraft:diamond_shovel":7,"minecraft:coal_ore":7,"minecraft:slime_ball":33,"minecraft:polished_diorite":9,"minecraft:redstone_ore":2,"minecraft:diamond_axe":6,"minecraft:painting":1,"minecraft:birch_sign":2,"minecraft:warped_roots":23,"minecraft:baked_potato":56,"minecraft:warped_nylium":10,"minecraft:hopper":7,"minecraft:ender_pearl":3842,"minecraft:shulker_shell":11,"minecraft:wheat":678,"minecraft:ender_chest":23,"minecraft:nether_brick_fence":4,"minecraft:potion":32,"minecraft:gilded_blackstone":1,"minecraft:stone_brick_stairs":5,"minecraft:smooth_stone_slab":1,"minecraft:iron_leggings":10,"minecraft:armor_stand":1,"minecraft:black_shulker_box":78,"minecraft:smooth_stone":12,"minecraft:comparator":3,"minecraft:bucket":3,"minecraft:dark_oak_leaves":1774,"minecraft:rose_bush":6,"minecraft:cobblestone_slab":4,"minecraft:ender_eye":20,"minecraft:iron_pickaxe":2,"minecraft:iron_boots":9,"minecraft:furnace":13,"minecraft:tipped_arrow":1,"minecraft:stick":53,"minecraft:oak_fence":2,"minecraft:torch":195,"minecraft:porkchop":36,"minecraft:diorite":181,"minecraft:cactus":38,"minecraft:rotten_flesh":661,"minecraft:chorus_flower":1,"minecraft:obsidian":266,"minecraft:blaze_powder":14,"minecraft:cobblestone":5830,"minecraft:leather_chestplate":3,"minecraft:magma_cream":29,"minecraft:andesite":287,"minecraft:golden_leggings":3,"minecraft:beacon":2,"minecraft:potato":351,"minecraft:wither_skeleton_skull":3,"minecraft:lapis_lazuli":677,"minecraft:dirt":1342,"minecraft:name_tag":1,"minecraft:leather_boots":2,"minecraft:glass":74,"minecraft:bone":475,"minecraft:bow":31,"minecraft:wheat_seeds":2096,"minecraft:grindstone":7,"minecraft:mossy_stone_bricks":14,"minecraft:bamboo":717,"minecraft:powered_rail":12,"minecraft:oak_planks":309,"minecraft:mossy_stone_brick_stairs":1,"minecraft:ghast_tear":7,"minecraft:cooked_porkchop":2,"minecraft:poisonous_potato":8,"minecraft:sand":1994,"minecraft:grass_block":36,"minecraft:lily_of_the_valley":1,"minecraft:mossy_cobblestone":73,"minecraft:sugar":7,"minecraft:diamond":245,"minecraft:slime_block":3,"minecraft:netherite_helmet":9,"minecraft:cracked_polished_blackstone_bricks":27,"minecraft:crossbow":10,"minecraft:grass":5,"minecraft:bone_meal":1,"minecraft:golden_apple":11,"minecraft:emerald":115,"minecraft:oak_sapling":18,"minecraft:netherrack":3800,"minecraft:chorus_fruit":111,"minecraft:oak_leaves":864,"minecraft:nether_star":2,"minecraft:end_stone_bricks":16,"minecraft:cocoa_beans":8,"minecraft:azure_bluet":26,"minecraft:chicken":2,"minecraft:ladder":85,"minecraft:brown_mushroom":13,"minecraft:gold_block":3,"minecraft:shield":6,"minecraft:iron_axe":17,"minecraft:item_frame":1,"minecraft:blackstone":151,"minecraft:blue_orchid":2,"minecraft:oak_boat":9,"minecraft:lectern":31,"minecraft:sugar_cane":346,"minecraft:phantom_membrane":30,"minecraft:dark_oak_sapling":9,"minecraft:end_stone":520,"minecraft:bowl":4,"minecraft:note_block":1,"minecraft:polished_blackstone_bricks":45,"minecraft:quartz_pillar":8,"minecraft:stone_button":2,"minecraft:dark_oak_planks":218,"minecraft:arrow":576,"minecraft:weeping_vines":10,"minecraft:nether_bricks":108,"minecraft:saddle":5,"minecraft:netherite_boots":11,"minecraft:basalt":873,"minecraft:salmon":26,"minecraft:leather":567,"minecraft:birch_planks":2,"minecraft:ice":47,"minecraft:chainmail_chestplate":2,"minecraft:gunpowder":44,"minecraft:cobblestone_stairs":77,"minecraft:cooked_mutton":34,"minecraft:red_carpet":2,"minecraft:heart_of_the_sea":1,"minecraft:iron_ingot":306,"minecraft:soul_sand":6,"minecraft:book":394,"minecraft:scaffolding":284,"minecraft:warped_fungus":5,"minecraft:birch_boat":12,"minecraft:pumpkin":1,"minecraft:stone_brick_slab":2,"minecraft:quartz":199,"minecraft:dandelion":57,"minecraft:white_bed":12,"minecraft:spruce_door":1,"minecraft:gold_ore":34,"minecraft:mossy_stone_brick_slab":1,"minecraft:spider_eye":36,"minecraft:pumpkin_seeds":4,"minecraft:chainmail_leggings":2,"minecraft:iron_helmet":8,"minecraft:damaged_anvil":2,"minecraft:coal":748,"minecraft:sunflower":2},"minecraft:killed":{"minecraft:cave_spider":8,"minecraft:shulker":21,"minecraft:skeleton":1104,"minecraft:chicken":2,"minecraft:magma_cube":50,"minecraft:salmon":28,"minecraft:pillager":93,"minecraft:zombie":207,"minecraft:cow":279,"minecraft:evoker":7,"minecraft:endermite":3,"minecraft:vindicator":45,"minecraft:husk":5,"minecraft:ravager":1,"minecraft:enderman":5124,"minecraft:zombified_piglin":49,"minecraft:witch":12,"minecraft:spider":19,"minecraft:wither":3,"minecraft:silverfish":5,"minecraft:turtle":1,"minecraft:piglin":19,"minecraft:pig":13,"minecraft:zombie_villager":6,"minecraft:creeper":18,"minecraft:sheep":21,"minecraft:trader_llama":2,"minecraft:stray":2,"minecraft:ghast":5,"minecraft:blaze":86,"minecraft:slime":5,"minecraft:phantom":13,"minecraft:drowned":6,"minecraft:bat":1,"minecraft:squid":23,"minecraft:wither_skeleton":65,"minecraft:villager":2},"minecraft:used":{"minecraft:polished_blackstone":2,"minecraft:ladder":39,"minecraft:poppy":26,"minecraft:chest":34,"minecraft:stone":29,"minecraft:rotten_flesh":21,"minecraft:soul_sand":4,"minecraft:lily_of_the_valley":1,"minecraft:packed_ice":3,"minecraft:quartz_pillar":8,"minecraft:grass_block":31,"minecraft:birch_sapling":1,"minecraft:dark_oak_leaves":1347,"minecraft:dark_oak_slab":192,"minecraft:stone_brick_stairs":3,"minecraft:bow":51,"minecraft:dark_oak_boat":22,"minecraft:sweet_berries":317,"minecraft:oak_sapling":1,"minecraft:furnace":15,"minecraft:egg":4,"minecraft:potato":97,"minecraft:dragon_head":1,"minecraft:damaged_anvil":2,"minecraft:diorite":17,"minecraft:spruce_door":1,"minecraft:chorus_fruit":7,"minecraft:powered_rail":5,"minecraft:cactus":26,"minecraft:blackstone":77,"minecraft:wooden_pickaxe":9,"minecraft:oak_leaves":584,"minecraft:golden_apple":3,"minecraft:dark_oak_trapdoor":9,"minecraft:sand":38,"minecraft:enderman_spawn_egg":1,"minecraft:stone_button":4,"minecraft:lectern":35,"minecraft:diamond_sword":7051,"minecraft:fire_charge":2,"minecraft:dark_oak_fence":69,"minecraft:smithing_table":3,"minecraft:poisonous_potato":1,"minecraft:oak_boat":8,"minecraft:stone_sword":74,"minecraft:enchanting_table":1,"minecraft:armor_stand":1,"minecraft:cooked_salmon":20,"minecraft:netherrack":689,"minecraft:torch":170,"minecraft:brewing_stand":5,"minecraft:anvil":7,"minecraft:twisting_vines":11,"minecraft:golden_shovel":32,"minecraft:polished_diorite":25,"minecraft:chipped_anvil":2,"minecraft:iron_block":68,"minecraft:iron_axe":686,"minecraft:slime_block":3,"minecraft:totem_of_undying":7,"minecraft:bamboo":25,"minecraft:basalt":325,"minecraft:wheat_seeds":672,"minecraft:water_bucket":98,"minecraft:birch_planks":1,"minecraft:cracked_stone_bricks":5,"minecraft:salmon":2,"minecraft:mossy_cobblestone":16,"minecraft:rail":242,"minecraft:comparator":3,"minecraft:crafting_table":27,"minecraft:birch_sign":1,"minecraft:white_bed":4,"minecraft:campfire":4,"minecraft:endermite_spawn_egg":2,"minecraft:oak_log":2,"minecraft:ender_eye":24,"minecraft:diamond_pickaxe":4189,"minecraft:diamond_shovel":2228,"minecraft:iron_pickaxe":1549,"minecraft:cobblestone":1771,"minecraft:potion":13,"minecraft:porkchop":3,"minecraft:cooked_porkchop":13,"minecraft:glass_pane":27,"minecraft:jukebox":1,"minecraft:iron_shovel":760,"minecraft:shield":48,"minecraft:iron_sword":886,"minecraft:nether_wart":35,"minecraft:nether_bricks":29,"minecraft:beehive":2,"minecraft:obsidian":71,"minecraft:glass":235,"minecraft:coal_ore":5,"minecraft:lantern":1,"minecraft:warped_nylium":4,"minecraft:hopper_minecart":1,"minecraft:stone_bricks":7,"minecraft:item_frame":1,"minecraft:golden_sword":15,"minecraft:magma_block":19,"minecraft:scaffolding":462,"minecraft:dark_oak_sapling":2,"minecraft:dark_oak_stairs":274,"minecraft:end_rod":1,"minecraft:stone_pickaxe":1958,"minecraft:dark_oak_sign":1,"minecraft:oak_planks":46,"minecraft:ender_pearl":426,"minecraft:sandstone":7,"minecraft:sugar_cane":8,"minecraft:diamond_axe":332,"minecraft:white_wool":4,"minecraft:mushroom_stew":5,"minecraft:crossbow":2,"minecraft:note_block":1,"minecraft:end_stone":387,"minecraft:shears":2506,"minecraft:redstone_torch":4,"minecraft:firework_rocket":5,"minecraft:dark_oak_log":249,"minecraft:bread":93,"minecraft:string":378,"minecraft:iron_door":8,"minecraft:gravel":27,"minecraft:grindstone":7,"minecraft:andesite":36,"minecraft:air":1,"minecraft:bone_meal":71,"minecraft:golden_pickaxe":32,"minecraft:oak_fence":2,"minecraft:purpur_block":1,"minecraft:netherite_sword":4692,"minecraft:stone_shovel":132,"minecraft:redstone":4,"minecraft:ender_chest":29,"minecraft:dirt":539,"minecraft:white_carpet":450,"minecraft:hopper":24,"minecraft:shulker_box":1,"minecraft:bee_nest":2,"minecraft:granite":23,"minecraft:dark_oak_planks":482,"minecraft:wooden_axe":59,"minecraft:stone_brick_slab":1,"minecraft:bookshelf":113,"minecraft:lime_stained_glass":1,"minecraft:netherite_pickaxe":8084,"minecraft:minecart":52,"minecraft:cooked_beef":700,"minecraft:pumpkin":1,"minecraft:enchanted_golden_apple":10,"minecraft:cooked_mutton":33,"minecraft:quartz_bricks":12,"minecraft:cobblestone_stairs":150,"minecraft:glass_bottle":50,"minecraft:baked_potato":46,"minecraft:birch_boat":10,"minecraft:black_shulker_box":71,"minecraft:beacon":2,"minecraft:cobblestone_slab":31,"minecraft:music_disc_cat":2,"minecraft:painting":1,"minecraft:dark_oak_door":8,"minecraft:acacia_stairs":2,"minecraft:apple":2,"minecraft:stone_slab":3,"minecraft:stone_axe":67,"minecraft:white_banner":1,"minecraft:bucket":110,"minecraft:smooth_stone":12,"minecraft:splash_potion":8},"minecraft:broken":{"minecraft:shears":9,"minecraft:golden_sword":1,"minecraft:iron_sword":2,"minecraft:crossbow":1,"minecraft:iron_axe":2,"minecraft:iron_pickaxe":4,"minecraft:iron_helmet":1,"minecraft:iron_shovel":3,"minecraft:golden_shovel":1,"minecraft:stone_pickaxe":14,"minecraft:wooden_axe":1,"minecraft:stone_shovel":1,"minecraft:golden_pickaxe":1},"minecraft:mined":{"minecraft:dark_oak_planks":68,"minecraft:dragon_wall_head":1,"minecraft:white_bed":3,"minecraft:jungle_leaves":12,"minecraft:carved_pumpkin":1,"minecraft:obsidian":171,"minecraft:bubble_column":60,"minecraft:granite":311,"minecraft:hopper":3,"minecraft:nether_wart":32,"minecraft:spawner":2,"minecraft:polished_blackstone_bricks":46,"minecraft:weeping_vines_plant":14,"minecraft:tall_seagrass":1,"minecraft:magma_block":41,"minecraft:dark_oak_trapdoor":6,"minecraft:fire":41,"minecraft:pumpkin":1,"minecraft:twisting_vines":13,"minecraft:tripwire":125,"minecraft:brown_mushroom":14,"minecraft:kelp_plant":2,"minecraft:crimson_nylium":1,"minecraft:torch":58,"minecraft:note_block":1,"minecraft:melon":1,"minecraft:dead_bush":2,"minecraft:glass":14,"minecraft:sugar_cane":203,"minecraft:damaged_anvil":2,"minecraft:wheat":674,"minecraft:warped_fungus":1,"minecraft:stone_brick_stairs":5,"minecraft:grass":460,"minecraft:infested_mossy_stone_bricks":1,"minecraft:red_mushroom_block":2,"minecraft:yellow_terracotta":2,"minecraft:mossy_cobblestone":37,"minecraft:dark_oak_log":663,"minecraft:end_stone":460,"minecraft:nether_bricks":86,"minecraft:dark_oak_fence":17,"minecraft:redstone_wire":10,"minecraft:red_mushroom":10,"minecraft:kelp":1,"minecraft:redstone_ore":44,"minecraft:acacia_wood":2,"minecraft:andesite":313,"minecraft:potatoes":96,"minecraft:cobblestone_slab":5,"minecraft:vine":2,"minecraft:rail":99,"minecraft:bamboo":78,"minecraft:white_wool":4,"minecraft:ender_chest":27,"minecraft:smithing_table":2,"minecraft:light_gray_carpet":1,"minecraft:comparator":3,"minecraft:soul_sand":1,"minecraft:lily_of_the_valley":1,"minecraft:stone_brick_slab":2,"minecraft:dandelion":1,"minecraft:emerald_ore":3,"minecraft:warped_roots":4,"minecraft:tall_grass":21,"minecraft:diorite":403,"minecraft:warped_wart_block":1,"minecraft:white_carpet":41,"minecraft:birch_leaves":9,"minecraft:quartz_pillar":8,"minecraft:sunflower":4,"minecraft:gravel":72,"minecraft:acacia_door":1,"minecraft:cobweb":83,"minecraft:polished_blackstone":3,"minecraft:stone_bricks":23,"minecraft:chipped_anvil":2,"minecraft:gold_ore":32,"minecraft:fern":162,"minecraft:infested_stone":1,"minecraft:black_shulker_box":71,"minecraft:mossy_stone_brick_slab":1,"minecraft:cobblestone_stairs":57,"minecraft:brewing_stand":5,"minecraft:grass_block":762,"minecraft:cracked_polished_blackstone_bricks":27,"minecraft:polished_diorite":8,"minecraft:composter":1,"minecraft:gilded_blackstone":1,"minecraft:smooth_stone":12,"minecraft:glowstone":14,"minecraft:iron_ore":291,"minecraft:anvil":4,"minecraft:dark_oak_stairs":52,"minecraft:end_stone_bricks":20,"minecraft:blackstone":159,"minecraft:magenta_wall_banner":1,"minecraft:twisting_vines_plant":7,"minecraft:poppy":6,"minecraft:chest":3,"minecraft:nether_quartz_ore":145,"minecraft:cobblestone":396,"minecraft:slime_block":2,"minecraft:grindstone":6,"minecraft:oak_planks":45,"minecraft:iron_door":19,"minecraft:wall_torch":31,"minecraft:seagrass":2,"minecraft:warped_nylium":18,"minecraft:powered_rail":5,"minecraft:dark_oak_slab":54,"minecraft:dark_oak_door":3,"minecraft:birch_log":7,"minecraft:purpur_block":7,"minecraft:smooth_stone_slab":1,"minecraft:oak_log":88,"minecraft:sand":2088,"minecraft:dirt":516,"minecraft:dispenser":2,"minecraft:netherrack":3756,"minecraft:ancient_debris":121,"minecraft:oak_leaves":1139,"minecraft:nether_gold_ore":161,"minecraft:diamond_ore":121,"minecraft:crying_obsidian":1,"minecraft:dark_oak_leaves":1954,"minecraft:stone_button":1,"minecraft:weeping_vines":4,"minecraft:spruce_leaves":7,"minecraft:sandstone":14,"minecraft:large_fern":1,"minecraft:furnace":11,"minecraft:acacia_stairs":2,"minecraft:peony":2,"minecraft:gold_block":1,"minecraft:nether_brick_fence":4,"minecraft:bookshelf":98,"minecraft:chorus_plant":4,"minecraft:stone":6614,"minecraft:redstone_wall_torch":2,"minecraft:scaffolding":55,"minecraft:magenta_stained_glass":1,"minecraft:infested_stone_bricks":3,"minecraft:basalt":894,"minecraft:oak_fence":2,"minecraft:crafting_table":18,"minecraft:rose_bush":7,"minecraft:lectern":30,"minecraft:quartz_bricks":12,"minecraft:lapis_ore":67,"minecraft:cactus":17,"minecraft:redstone_torch":1,"minecraft:sweet_berry_bush":39,"minecraft:ice":55,"minecraft:bee_nest":9,"minecraft:grass_path":3,"minecraft:coal_ore":373,"minecraft:cocoa":6,"minecraft:cracked_stone_bricks":11,"minecraft:mossy_stone_bricks":15},"minecraft:killed_by":{"minecraft:vindicator":1,"minecraft:zombie":5,"minecraft:vex":1,"minecraft:zombified_piglin":1,"minecraft:creeper":4,"minecraft:player":3,"minecraft:enderman":12,"minecraft:skeleton":3,"minecraft:phantom":1},"minecraft:dropped":{"minecraft:iron_sword":2,"minecraft:porkchop":10,"minecraft:lapis_lazuli":31,"minecraft:cooked_beef":69,"minecraft:chorus_fruit":9,"minecraft:glass_bottle":5,"minecraft:diamond":45,"minecraft:cooked_porkchop":1,"minecraft:crossbow":8,"minecraft:dark_oak_slab":8,"minecraft:warped_roots":16,"minecraft:saddle":1,"minecraft:elytra":3,"minecraft:rail":31,"minecraft:leather_helmet":5,"minecraft:red_mushroom":1,"minecraft:red_carpet":2,"minecraft:emerald":22,"minecraft:dirt":158,"minecraft:grass":4,"minecraft:dark_oak_fence":9,"minecraft:dark_oak_trapdoor":1,"minecraft:gold_nugget":39,"minecraft:bone_meal":40,"minecraft:sunflower":2,"minecraft:sand":27,"minecraft:dark_oak_planks":55,"minecraft:dark_oak_boat":1,"minecraft:bone":188,"minecraft:golden_chestplate":1,"minecraft:birch_sapling":1,"minecraft:netherite_sword":13,"minecraft:wheat":9,"minecraft:obsidian":1,"minecraft:rotten_flesh":197,"minecraft:end_stone":13,"minecraft:light_gray_carpet":1,"minecraft:blaze_powder":1,"minecraft:nether_brick_fence":4,"minecraft:white_bed":8,"minecraft:tipped_arrow":1,"minecraft:coal_ore":2,"minecraft:leather_boots":3,"minecraft:leather_leggings":3,"minecraft:painting":2,"minecraft:end_stone_bricks":12,"minecraft:beef":38,"minecraft:ghast_tear":3,"minecraft:stone_brick_stairs":1,"minecraft:enchanted_book":10,"minecraft:golden_boots":6,"minecraft:iron_ingot":32,"minecraft:netherite_pickaxe":2,"minecraft:black_dye":6,"minecraft:birch_leaves":3,"minecraft:wheat_seeds":574,"minecraft:cobblestone":712,"minecraft:book":44,"minecraft:granite":48,"minecraft:chainmail_helmet":2,"minecraft:coal":8,"minecraft:dark_oak_leaves":133,"minecraft:ink_sac":1,"minecraft:rose_bush":2,"minecraft:diamond_helmet":3,"minecraft:potion":9,"minecraft:white_banner":23,"minecraft:chainmail_leggings":3,"minecraft:iron_shovel":1,"minecraft:paper":54,"minecraft:string":11,"minecraft:purpur_pillar":1,"minecraft:netherite_ingot":4,"minecraft:stone_sword":9,"minecraft:iron_boots":2,"minecraft:slime_block":1,"minecraft:nether_bricks":52,"minecraft:shears":1,"minecraft:pumpkin_seeds":4,"minecraft:diamond_sword":5,"minecraft:potato":227,"minecraft:stone":99,"minecraft:diamond_pickaxe":3,"minecraft:carved_pumpkin":1,"minecraft:spider_eye":4,"minecraft:stone_bricks":9,"minecraft:sandstone":3,"minecraft:bow":53,"minecraft:magma_block":16,"minecraft:soul_sand":3,"minecraft:diamond_axe":1,"minecraft:warped_fungus":2,"minecraft:ender_pearl":5632,"minecraft:nether_star":2,"minecraft:dark_oak_sapling":6,"minecraft:leather":143,"minecraft:flint":2,"minecraft:cracked_polished_blackstone_bricks":27,"minecraft:dark_oak_log":14,"minecraft:netherite_scrap":14,"minecraft:mutton":6,"minecraft:polished_blackstone_bricks":43,"minecraft:gravel":55,"minecraft:purpur_block":3,"minecraft:blackstone":32,"minecraft:twisting_vines":3,"minecraft:diamond_shovel":5,"minecraft:chainmail_chestplate":1,"minecraft:shulker_shell":1,"minecraft:poppy":267,"minecraft:leather_chestplate":3,"minecraft:gunpowder":69,"minecraft:beetroot_seeds":2,"minecraft:powered_rail":7,"minecraft:iron_ore":9,"minecraft:basalt":349,"minecraft:arrow":165,"minecraft:quartz":130,"minecraft:oak_leaves":155,"minecraft:netherrack":1179,"minecraft:golden_helmet":4,"minecraft:chorus_flower":1,"minecraft:mossy_cobblestone":5,"minecraft:minecart":1,"minecraft:poisonous_potato":6,"minecraft:grass_block":5,"minecraft:stick":5,"minecraft:diorite":37,"minecraft:torch":9,"minecraft:green_dye":7,"minecraft:iron_door":6,"minecraft:iron_leggings":3,"minecraft:iron_axe":17,"minecraft:cactus":1,"minecraft:bucket":1,"minecraft:polished_diorite":1,"minecraft:sweet_berries":63,"minecraft:warped_nylium":5,"minecraft:ender_chest":2,"minecraft:blaze_rod":10,"minecraft:composter":1,"minecraft:wither_skeleton_skull":3,"minecraft:totem_of_undying":2,"minecraft:netherite_leggings":3,"minecraft:shield":1,"minecraft:diamond_chestplate":2,"minecraft:iron_chestplate":2,"minecraft:andesite":13,"minecraft:mossy_stone_bricks":1,"minecraft:oak_sapling":15,"minecraft:golden_leggings":2,"minecraft:oak_boat":1,"minecraft:golden_sword":8,"minecraft:diamond_boots":3,"minecraft:magma_cream":3},"minecraft:crafted":{"minecraft:ender_chest":16,"minecraft:lime_stained_glass":8,"minecraft:black_dye":10,"minecraft:blaze_powder":200,"minecraft:birch_boat":2,"minecraft:slime_block":1,"minecraft:lever":1,"minecraft:diamond_shovel":1,"minecraft:bookshelf":118,"minecraft:cooked_mutton":8,"minecraft:shulker_box":5,"minecraft:glass":427,"minecraft:diamond_helmet":2,"minecraft:diamond_leggings":5,"minecraft:iron_door":3,"minecraft:dried_kelp_block":178,"minecraft:name_tag":9,"minecraft:glass_bottle":45,"minecraft:emerald":667,"minecraft:cooked_porkchop":15,"minecraft:diamond_axe":5,"minecraft:smithing_table":1,"minecraft:clock":1,"minecraft:oak_wood":3,"minecraft:campfire":4,"minecraft:painting":2,"minecraft:lectern":5,"minecraft:stone_slab":6,"minecraft:iron_pickaxe":6,"minecraft:iron_block":76,"minecraft:gold_ingot":121,"minecraft:netherite_ingot":27,"minecraft:packed_ice":5,"minecraft:stone_shovel":1,"minecraft:jukebox":1,"minecraft:iron_nugget":20,"minecraft:bone_meal":1464,"minecraft:white_carpet":336,"minecraft:lantern":25,"minecraft:dark_oak_fence":63,"minecraft:stone_pickaxe":19,"minecraft:diamond_boots":3,"minecraft:dark_oak_planks":1848,"minecraft:enchanting_table":1,"minecraft:enchanted_book":74,"minecraft:golden_apple":9,"minecraft:wooden_axe":1,"minecraft:iron_shovel":3,"minecraft:iron_leggings":3,"minecraft:white_bed":1,"minecraft:grindstone":1,"minecraft:oak_planks":336,"minecraft:cobblestone_slab":12,"minecraft:birch_wood":3,"minecraft:dark_oak_boat":7,"minecraft:cobblestone_stairs":152,"minecraft:stone":3,"minecraft:green_dye":9,"minecraft:dark_oak_door":6,"minecraft:hopper":12,"minecraft:bow":11,"minecraft:iron_boots":3,"minecraft:comparator":1,"minecraft:chest":46,"minecraft:rail":208,"minecraft:ender_eye":37,"minecraft:dropper":1,"minecraft:crafting_table":13,"minecraft:wooden_pickaxe":2,"minecraft:iron_helmet":3,"minecraft:hopper_minecart":1,"minecraft:birch_planks":32,"minecraft:brewing_stand":3,"minecraft:black_shulker_box":4,"minecraft:dark_oak_slab":162,"minecraft:book":108,"minecraft:iron_chestplate":3,"minecraft:paper":939,"minecraft:diamond_pickaxe":9,"minecraft:shield":5,"minecraft:stick":256,"minecraft:iron_ingot":264,"minecraft:stone_sword":2,"minecraft:redstone_torch":7,"minecraft:shears":16,"minecraft:beehive":2,"minecraft:furnace":6,"minecraft:stone_button":2,"minecraft:dark_oak_trapdoor":14,"minecraft:mushroom_stew":9,"minecraft:dark_oak_sign":3,"minecraft:glass_pane":48,"minecraft:scaffolding":240,"minecraft:iron_axe":20,"minecraft:lime_dye":4,"minecraft:netherite_scrap":119,"minecraft:observer":1,"minecraft:minecart":5,"minecraft:cooked_beef":358,"minecraft:diamond_sword":5,"minecraft:dark_oak_stairs":232,"minecraft:iron_sword":3,"minecraft:bell":7,"minecraft:bowl":8,"minecraft:cooked_salmon":26,"minecraft:bucket":16,"minecraft:stone_axe":1,"minecraft:air":0,"minecraft:bread":90,"minecraft:white_wool":13,"minecraft:white_dye":6,"minecraft:anvil":3,"minecraft:torch":184,"minecraft:lapis_lazuli":216,"minecraft:lapis_block":40,"minecraft:diamond_chestplate":3,"minecraft:firework_rocket":681}},"DataVersion":2567}