{"stats":{"minecraft:custom":{"minecraft:mob_kills":15,"minecraft:animals_bred":4,"minecraft:interact_with_crafting_table":74,"minecraft:leave_game":53,"minecraft:time_since_death":137037,"minecraft:climb_one_cm":17914,"minecraft:damage_resisted":6,"minecraft:sprint_one_cm":802211,"minecraft:damage_blocked_by_shield":1985,"minecraft:walk_one_cm":2246791,"minecraft:drop":149,"minecraft:talked_to_villager":3,"minecraft:sneak_time":2244,"minecraft:deaths":19,"minecraft:walk_under_water_one_cm":26275,"minecraft:jump":5951,"minecraft:walk_on_water_one_cm":79263,"minecraft:interact_with_furnace":92,"minecraft:play_one_minute":758480,"minecraft:interact_with_grindstone":2,"minecraft:sleep_in_bed":23,"minecraft:time_since_rest":137104,"minecraft:damage_taken":7482,"minecraft:damage_dealt":2652,"minecraft:minecart_one_cm":8912,"minecraft:swim_one_cm":90221,"minecraft:fly_one_cm":447078,"minecraft:open_chest":282,"minecraft:crouch_one_cm":3992,"minecraft:fall_one_cm":102824},"minecraft:picked_up":{"minecraft:crafting_table":4,"minecraft:wheat":27,"minecraft:chicken":1,"minecraft:ladder":16,"minecraft:golden_pickaxe":3,"minecraft:brown_mushroom":32,"minecraft:lead":2,"minecraft:diamond_sword":2,"minecraft:wooden_pickaxe":1,"minecraft:shield":8,"minecraft:golden_sword":6,"minecraft:iron_axe":2,"minecraft:iron_leggings":3,"minecraft:compass":2,"minecraft:iron_shovel":2,"minecraft:blackstone":25,"minecraft:beef":8,"minecraft:cobblestone_slab":15,"minecraft:iron_pickaxe":5,"minecraft:sugar_cane":115,"minecraft:chest":5,"minecraft:phantom_membrane":3,"minecraft:iron_boots":1,"minecraft:egg":4,"minecraft:dark_oak_door":4,"minecraft:golden_helmet":5,"minecraft:stick":1,"minecraft:stone":3,"minecraft:oak_fence":5,"minecraft:torch":293,"minecraft:spruce_fence":1,"minecraft:golden_axe":6,"minecraft:diorite":275,"minecraft:redstone":839,"minecraft:golden_chestplate":1,"minecraft:dark_oak_planks":273,"minecraft:stone_sword":1,"minecraft:arrow":124,"minecraft:stone_shovel":4,"minecraft:rotten_flesh":8,"minecraft:diamond_chestplate":2,"minecraft:diamond_boots":2,"minecraft:gold_ingot":4,"minecraft:mutton":5,"minecraft:white_wool":3,"minecraft:cobblestone":3390,"minecraft:cooked_beef":86,"minecraft:feather":2,"minecraft:basalt":245,"minecraft:water_bucket":1,"minecraft:andesite":488,"minecraft:leather":18,"minecraft:golden_leggings":9,"minecraft:flint":9,"minecraft:oak_log":11,"minecraft:golden_boots":3,"minecraft:cobblestone_stairs":52,"minecraft:lapis_lazuli":447,"minecraft:dirt":361,"minecraft:glass":3,"minecraft:wheat_seeds":78,"minecraft:iron_ingot":68,"minecraft:stone_pickaxe":5,"minecraft:iron_ore":69,"minecraft:diamond_helmet":2,"minecraft:iron_sword":4,"minecraft:oak_planks":6,"minecraft:dark_oak_stairs":14,"minecraft:dark_oak_slab":25,"minecraft:gravel":46,"minecraft:sand":105,"minecraft:white_bed":3,"minecraft:gold_ore":15,"minecraft:dark_oak_log":216,"minecraft:diamond":21,"minecraft:iron_helmet":6,"minecraft:crossbow":3,"minecraft:granite":377,"minecraft:baked_potato":1,"minecraft:stripped_dark_oak_log":1,"minecraft:coal":282,"minecraft:ender_pearl":1,"minecraft:diamond_pickaxe":3},"minecraft:killed":{"minecraft:skeleton":2,"minecraft:chicken":1,"minecraft:zombie_villager":1,"minecraft:wandering_trader":1,"minecraft:creeper":1,"minecraft:sheep":3,"minecraft:trader_llama":2,"minecraft:cow":4},"minecraft:used":{"minecraft:oak_fence":1,"minecraft:iron_shovel":1,"minecraft:stone_sword":32,"minecraft:stone_shovel":111,"minecraft:redstone":115,"minecraft:ladder":2,"minecraft:chest":10,"minecraft:shield":64,"minecraft:iron_sword":3,"minecraft:stone":31,"minecraft:cooked_salmon":8,"minecraft:cooked_chicken":1,"minecraft:rotten_flesh":3,"minecraft:torch":146,"minecraft:dirt":69,"minecraft:mutton":1,"minecraft:hopper":2,"minecraft:dark_oak_planks":755,"minecraft:glass":50,"minecraft:wooden_axe":59,"minecraft:dark_oak_slab":127,"minecraft:golden_sword":30,"minecraft:basalt":49,"minecraft:beef":4,"minecraft:furnace":2,"minecraft:egg":1,"minecraft:cooked_beef":30,"minecraft:golden_axe":12,"minecraft:cooked_mutton":2,"minecraft:water_bucket":1,"minecraft:dark_oak_stairs":28,"minecraft:diorite":27,"minecraft:cobblestone_stairs":166,"minecraft:stone_pickaxe":791,"minecraft:baked_potato":1,"minecraft:oak_planks":1,"minecraft:blackstone":5,"minecraft:ender_pearl":1,"minecraft:wooden_pickaxe":59,"minecraft:brown_mushroom":8,"minecraft:sugar_cane":38,"minecraft:cobblestone_slab":5,"minecraft:sand":1,"minecraft:crafting_table":5,"minecraft:white_bed":4,"minecraft:dark_oak_door":10,"minecraft:diamond_pickaxe":65,"minecraft:iron_pickaxe":1235,"minecraft:gravel":8,"minecraft:stone_axe":250,"minecraft:diamond_sword":4,"minecraft:cobblestone":281,"minecraft:andesite":40,"minecraft:glass_pane":16,"minecraft:golden_pickaxe":30},"minecraft:broken":{"minecraft:golden_helmet":1,"minecraft:golden_boots":1,"minecraft:wooden_pickaxe":1,"minecraft:stone_pickaxe":6,"minecraft:stone_axe":2,"minecraft:iron_pickaxe":4,"minecraft:wooden_axe":1,"minecraft:golden_chestplate":1},"minecraft:mined":{"minecraft:dark_oak_planks":137,"minecraft:diamond_ore":12,"minecraft:white_bed":3,"minecraft:dark_oak_leaves":1,"minecraft:cobblestone_stairs":25,"minecraft:dark_oak_log":219,"minecraft:ladder":2,"minecraft:granite":132,"minecraft:grass_block":78,"minecraft:spruce_fence":1,"minecraft:redstone_wire":50,"minecraft:redstone_ore":57,"minecraft:iron_ore":56,"minecraft:andesite":175,"minecraft:dark_oak_stairs":8,"minecraft:stone":1435,"minecraft:brown_mushroom":8,"minecraft:glass_pane":1,"minecraft:stripped_dark_oak_log":1,"minecraft:oak_fence":4,"minecraft:crafting_table":4,"minecraft:torch":9,"minecraft:chest":5,"minecraft:tall_grass":1,"minecraft:glass":1,"minecraft:cobblestone":28,"minecraft:lapis_ore":12,"minecraft:oak_planks":2,"minecraft:sugar_cane":28,"minecraft:diorite":97,"minecraft:wall_torch":14,"minecraft:seagrass":1,"minecraft:dark_oak_slab":6,"minecraft:dark_oak_door":3,"minecraft:wheat":27,"minecraft:grass":13,"minecraft:oak_log":11,"minecraft:coal_ore":68,"minecraft:gravel":31,"minecraft:sand":105,"minecraft:dirt":85,"minecraft:gold_ore":16},"minecraft:killed_by":{"minecraft:player":1,"minecraft:creeper":2,"minecraft:spider":1,"minecraft:pillager":1,"minecraft:skeleton":4,"minecraft:zombie":5},"minecraft:dropped":{"minecraft:brown_mushroom":4,"minecraft:lapis_lazuli":63,"minecraft:golden_pickaxe":1,"minecraft:diamond":5,"minecraft:crossbow":1,"minecraft:oak_fence":2,"minecraft:iron_helmet":2,"minecraft:cobblestone":193,"minecraft:leather":8,"minecraft:dark_oak_button":1,"minecraft:granite":128,"minecraft:dirt":132,"minecraft:diorite":99,"minecraft:diamond_helmet":1,"minecraft:iron_leggings":1,"minecraft:phantom_membrane":1,"minecraft:iron_shovel":1,"minecraft:bucket":1,"minecraft:gold_ingot":2,"minecraft:gravel":6,"minecraft:rotten_flesh":1,"minecraft:oak_planks":2,"minecraft:iron_boots":1,"minecraft:spruce_fence":1,"minecraft:diamond_sword":1,"minecraft:stone":3,"minecraft:shield":2,"minecraft:diamond_chestplate":1,"minecraft:diamond_pickaxe":2,"minecraft:andesite":78,"minecraft:golden_leggings":2,"minecraft:golden_sword":1,"minecraft:diamond_boots":1,"minecraft:arrow":124},"minecraft:crafted":{"minecraft:smooth_stone":16,"minecraft:oak_planks":24,"minecraft:stone_shovel":4,"minecraft:cobblestone_slab":6,"minecraft:cooked_chicken":1,"minecraft:furnace":2,"minecraft:cobblestone_stairs":168,"minecraft:stone":54,"minecraft:cooked_mutton":4,"minecraft:glass_pane":8,"minecraft:dark_oak_door":6,"minecraft:glass":104,"minecraft:hopper":2,"minecraft:iron_axe":1,"minecraft:stone_pickaxe":5,"minecraft:chest":7,"minecraft:dark_oak_planks":868,"minecraft:golden_sword":1,"minecraft:cooked_beef":57,"minecraft:golden_axe":1,"minecraft:dark_oak_stairs":20,"minecraft:crafting_table":1,"minecraft:wooden_pickaxe":1,"minecraft:iron_helmet":2,"minecraft:iron_sword":2,"minecraft:golden_pickaxe":1,"minecraft:cooked_salmon":17,"minecraft:dark_oak_button":1,"minecraft:stone_axe":2,"minecraft:air":0,"minecraft:dark_oak_slab":126,"minecraft:charcoal":14,"minecraft:shield":3,"minecraft:stick":52,"minecraft:iron_ingot":61,"minecraft:compass":1,"minecraft:iron_pickaxe":6,"minecraft:wooden_axe":1,"minecraft:stone_sword":2,"minecraft:iron_shovel":1,"minecraft:iron_leggings":1,"minecraft:gold_ingot":9,"minecraft:white_bed":1,"minecraft:torch":128}},"DataVersion":2567}