{"stats":{"minecraft:custom":{"minecraft:time_since_rest":5759,"minecraft:interact_with_furnace":6,"minecraft:sprint_one_cm":609089,"minecraft:open_enderchest":9,"minecraft:damage_taken":792,"minecraft:walk_one_cm":253789,"minecraft:mob_kills":1,"minecraft:drop":1,"minecraft:animals_bred":1,"minecraft:inspect_hopper":1,"minecraft:damage_dealt":100,"minecraft:traded_with_villager":156,"minecraft:interact_with_crafting_table":10,"minecraft:swim_one_cm":18055,"minecraft:talked_to_villager":103,"minecraft:fly_one_cm":130041,"minecraft:open_chest":92,"minecraft:crouch_one_cm":37983,"minecraft:play_one_minute":120766,"minecraft:open_shulker_box":7,"minecraft:sneak_time":12077,"minecraft:walk_under_water_one_cm":15850,"minecraft:aviate_one_cm":2921,"minecraft:jump":857,"minecraft:interact_with_blast_furnace":4,"minecraft:leave_game":16,"minecraft:time_since_death":120766,"minecraft:walk_on_water_one_cm":8371,"minecraft:sleep_in_bed":5,"minecraft:damage_resisted":8,"minecraft:fall_one_cm":25121},"minecraft:picked_up":{"minecraft:dark_oak_sapling":7,"minecraft:stick":4,"minecraft:crafting_table":1,"minecraft:sweet_berries":155,"minecraft:leather":2,"minecraft:stone_brick_stairs":10,"minecraft:oak_log":10,"minecraft:dark_oak_log":562,"minecraft:dirt":9,"minecraft:wheat_seeds":1,"minecraft:beef":1,"minecraft:oak_sapling":1,"minecraft:sugar_cane":3,"minecraft:cobblestone":7},"minecraft:killed":{"minecraft:cow":1},"minecraft:used":{"minecraft:diamond_pickaxe":10,"minecraft:wooden_pickaxe":7,"minecraft:diamond_axe":476,"minecraft:stone_brick_stairs":10,"minecraft:stone_axe":121,"minecraft:dirt":3,"minecraft:sweet_berries":227,"minecraft:crafting_table":1},"minecraft:mined":{"minecraft:dark_oak_leaves":19,"minecraft:sweet_berry_bush":24,"minecraft:dark_oak_log":562,"minecraft:stone_brick_stairs":10,"minecraft:crafting_table":1,"minecraft:grass":3,"minecraft:grass_block":3,"minecraft:oak_log":10,"minecraft:dirt":6,"minecraft:stone":7,"minecraft:sugar_cane":3,"minecraft:oak_leaves":1},"minecraft:dropped":{"minecraft:wheat_seeds":1},"minecraft:crafted":{"minecraft:oak_planks":40,"minecraft:diamond_leggings":1,"minecraft:diamond_helmet":1,"minecraft:emerald":150,"minecraft:book":1,"minecraft:paper":3,"minecraft:diamond_pickaxe":1,"minecraft:diamond_axe":1,"minecraft:crafting_table":1,"minecraft:stick":4704,"minecraft:wooden_pickaxe":1,"minecraft:stone_pickaxe":1,"minecraft:diamond_boots":1,"minecraft:dark_oak_planks":2248,"minecraft:birch_planks":72,"minecraft:stone_axe":1,"minecraft:air":0,"minecraft:diamond_chestplate":1}},"DataVersion":2567}