{"stats":{"minecraft:custom":{"minecraft:interact_with_crafting_table":617,"minecraft:leave_game":165,"minecraft:time_since_death":2325,"minecraft:damage_blocked_by_shield":11449,"minecraft:deaths":63,"minecraft:jump":79581,"minecraft:enchant_item":10,"minecraft:interact_with_furnace":598,"minecraft:play_record":6,"minecraft:traded_with_villager":3,"minecraft:sleep_in_bed":84,"minecraft:damage_dealt":348275,"minecraft:interact_with_smoker":118,"minecraft:use_cauldron":7,"minecraft:horse_one_cm":1300610,"minecraft:interact_with_smithing_table":22,"minecraft:inspect_dropper":1,"minecraft:interact_with_anvil":54,"minecraft:inspect_hopper":45,"minecraft:target_hit":3,"minecraft:sneak_time":749219,"minecraft:interact_with_blast_furnace":161,"minecraft:tune_noteblock":39,"minecraft:interact_with_stonecutter":2,"minecraft:time_since_rest":2349,"minecraft:swim_one_cm":536135,"minecraft:fly_one_cm":16654850,"minecraft:open_chest":4532,"minecraft:fish_caught":188,"minecraft:fall_one_cm":1554495,"minecraft:animals_bred":285,"minecraft:open_shulker_box":89,"minecraft:damage_resisted":206,"minecraft:sprint_one_cm":12398433,"minecraft:drop":2498,"minecraft:play_noteblock":3,"minecraft:talked_to_villager":69,"minecraft:interact_with_brewingstand":37,"minecraft:walk_on_water_one_cm":636673,"minecraft:play_one_minute":5780558,"minecraft:open_enderchest":327,"minecraft:player_kills":6,"minecraft:crouch_one_cm":3655462,"minecraft:mob_kills":2968,"minecraft:fill_cauldron":5,"minecraft:climb_one_cm":255766,"minecraft:walk_one_cm":15603591,"minecraft:raid_win":1,"minecraft:walk_under_water_one_cm":460245,"minecraft:boat_one_cm":52194,"minecraft:raid_trigger":1,"minecraft:pot_flower":6,"minecraft:interact_with_grindstone":57,"minecraft:damage_taken":88317,"minecraft:minecart_one_cm":440422,"minecraft:aviate_one_cm":12181997},"minecraft:picked_up":{"minecraft:iron_chestplate":61,"minecraft:chainmail_boots":2,"minecraft:flower_pot":6,"minecraft:smithing_table":1,"minecraft:lead":97,"minecraft:diamond_sword":39,"minecraft:enchanted_book":9,"minecraft:golden_shovel":1,"minecraft:brewing_stand":2,"minecraft:golden_sword":1,"minecraft:music_disc_cat":1,"minecraft:string":206,"minecraft:dark_oak_trapdoor":19,"minecraft:soul_soil":1,"minecraft:cooked_salmon":19,"minecraft:pufferfish":30,"minecraft:shroomlight":9,"minecraft:diamond_leggings":1,"minecraft:gold_nugget":167,"minecraft:spruce_planks":4,"minecraft:coal_block":97,"minecraft:melon_slice":222,"minecraft:dark_oak_door":2,"minecraft:golden_helmet":3,"minecraft:spruce_pressure_plate":2,"minecraft:jukebox":1,"minecraft:golden_chestplate":4,"minecraft:stone_sword":7,"minecraft:tropical_fish":8,"minecraft:polished_basalt":1,"minecraft:red_tulip":1,"minecraft:iron_block":18,"minecraft:carved_pumpkin":5,"minecraft:glowstone":58,"minecraft:blaze_rod":9,"minecraft:snowball":2764,"minecraft:birch_log":99,"minecraft:magma_block":170,"minecraft:feather":9,"minecraft:cooked_beef":802,"minecraft:birch_slab":195,"minecraft:water_bucket":53,"minecraft:brown_wool":1,"minecraft:smoker":2,"minecraft:flint":235,"minecraft:netherite_leggings":1,"minecraft:lantern":29,"minecraft:diamond_helmet":12,"minecraft:glowstone_dust":50,"minecraft:warped_wart_block":1,"minecraft:ink_sac":22,"minecraft:fermented_spider_eye":1,"minecraft:dark_oak_log":34,"minecraft:iron_hoe":7,"minecraft:polished_andesite":198,"minecraft:granite":804,"minecraft:chainmail_helmet":1,"minecraft:bread":40,"minecraft:dark_oak_fence":52,"minecraft:bricks":149,"minecraft:diamond_pickaxe":52,"minecraft:crafting_table":27,"minecraft:nether_wart":170,"minecraft:clay_ball":1244,"minecraft:leather_leggings":5,"minecraft:cornflower":96,"minecraft:elytra":28,"minecraft:flint_and_steel":14,"minecraft:white_carpet":27,"minecraft:iron_shovel":33,"minecraft:glass_pane":96,"minecraft:netherite_sword":2,"minecraft:beef":216,"minecraft:iron_nugget":61,"minecraft:poppy":147,"minecraft:spruce_slab":34,"minecraft:minecart":44,"minecraft:quartz_stairs":3,"minecraft:chest":67,"minecraft:birch_sapling":11,"minecraft:piston":10,"minecraft:egg":7,"minecraft:lime_shulker_box":56,"minecraft:black_stained_glass":21,"minecraft:stone":223,"minecraft:oak_door":5,"minecraft:spruce_fence":48,"minecraft:white_dye":7,"minecraft:cake":1,"minecraft:carrot":1228,"minecraft:redstone":1440,"minecraft:netherite_pickaxe":37,"minecraft:tnt":277,"minecraft:stone_shovel":8,"minecraft:diamond_chestplate":9,"minecraft:cooked_cod":86,"minecraft:shears":7,"minecraft:diamond_boots":22,"minecraft:gold_ingot":5,"minecraft:totem_of_undying":1,"minecraft:polished_blackstone":9,"minecraft:mutton":15,"minecraft:white_wool":63,"minecraft:rail":576,"minecraft:oxeye_daisy":71,"minecraft:yellow_shulker_box":22,"minecraft:tripwire_hook":1,"minecraft:red_mushroom":1,"minecraft:ancient_debris":41,"minecraft:oak_log":864,"minecraft:lily_pad":46,"minecraft:golden_boots":4,"minecraft:white_banner":24,"minecraft:apple":17,"minecraft:stone_bricks":157,"minecraft:warped_stem":22,"minecraft:music_disc_far":4,"minecraft:oak_fence_gate":4,"minecraft:stone_pickaxe":3,"minecraft:iron_ore":1067,"minecraft:glass_bottle":3,"minecraft:iron_sword":39,"minecraft:dark_oak_stairs":10,"minecraft:sweet_berries":59,"minecraft:gravel":1162,"minecraft:spruce_sapling":16,"minecraft:spruce_log":99,"minecraft:leather_helmet":2,"minecraft:firework_rocket":1092,"minecraft:diamond_shovel":33,"minecraft:coal_ore":6,"minecraft:slime_ball":12,"minecraft:stone_axe":9,"minecraft:diamond_axe":13,"minecraft:painting":43,"minecraft:baked_potato":2447,"minecraft:melon_seeds":4,"minecraft:hopper":95,"minecraft:ender_pearl":340,"minecraft:wheat":831,"minecraft:music_disc_strad":3,"minecraft:black_carpet":2,"minecraft:redstone_block":109,"minecraft:potion":11,"minecraft:stone_brick_stairs":8,"minecraft:iron_leggings":54,"minecraft:sticky_piston":2,"minecraft:netherite_ingot":4,"minecraft:oak_sign":26,"minecraft:activator_rail":9,"minecraft:smooth_stone":3,"minecraft:bucket":33,"minecraft:light_weighted_pressure_plate":19,"minecraft:rose_bush":23,"minecraft:redstone_torch":47,"minecraft:cobblestone_slab":87,"minecraft:ender_eye":1,"minecraft:iron_pickaxe":42,"minecraft:iron_boots":45,"minecraft:furnace":11,"minecraft:stick":621,"minecraft:oak_fence":43,"minecraft:torch":4084,"minecraft:spruce_stairs":9,"minecraft:snow_block":26,"minecraft:porkchop":221,"minecraft:target":12,"minecraft:diorite":471,"minecraft:vine":58,"minecraft:quartz_block":58,"minecraft:nether_gold_ore":1,"minecraft:cactus":6,"minecraft:rotten_flesh":860,"minecraft:brown_shulker_box":3,"minecraft:obsidian":100,"minecraft:cod":230,"minecraft:blaze_powder":5,"minecraft:cobblestone":71174,"minecraft:nautilus_shell":2,"minecraft:enchanting_table":1,"minecraft:leather_chestplate":6,"minecraft:lilac":1,"minecraft:repeater":3,"minecraft:andesite":556,"minecraft:golden_leggings":5,"minecraft:potato":3852,"minecraft:lapis_lazuli":634,"minecraft:dirt":25867,"minecraft:name_tag":6,"minecraft:leather_boots":10,"minecraft:glass":13,"minecraft:bone":1394,"minecraft:bow":84,"minecraft:wheat_seeds":4728,"minecraft:grindstone":5,"minecraft:fletching_table":3,"minecraft:bamboo":420,"minecraft:powered_rail":122,"minecraft:oak_planks":674,"minecraft:cooked_porkchop":311,"minecraft:oak_pressure_plate":3,"minecraft:poisonous_potato":13,"minecraft:black_stained_glass_pane":60,"minecraft:sand":2108,"minecraft:grass_block":2,"minecraft:sugar":5,"minecraft:diamond":135,"minecraft:spruce_boat":6,"minecraft:netherite_helmet":1,"minecraft:crossbow":5,"minecraft:bone_meal":178,"minecraft:golden_apple":5,"minecraft:white_concrete":378,"minecraft:emerald":50,"minecraft:oak_sapling":88,"minecraft:netherrack":15774,"minecraft:oak_leaves":77,"minecraft:fishing_rod":13,"minecraft:charcoal":4,"minecraft:azure_bluet":72,"minecraft:splash_potion":3,"minecraft:chicken":4,"minecraft:ladder":49,"minecraft:brown_mushroom":14,"minecraft:wooden_pickaxe":6,"minecraft:stone_brick_wall":65,"minecraft:gold_block":9,"minecraft:chain":1,"minecraft:brick":56,"minecraft:shield":28,"minecraft:oak_trapdoor":199,"minecraft:iron_axe":46,"minecraft:item_frame":38,"minecraft:quartz_slab":240,"minecraft:magenta_wool":1,"minecraft:blackstone":394,"minecraft:lectern":10,"minecraft:blue_shulker_box":1,"minecraft:sugar_cane":472,"minecraft:phantom_membrane":28,"minecraft:bowl":3,"minecraft:note_block":2,"minecraft:dark_oak_planks":737,"minecraft:arrow":1144,"minecraft:red_shulker_box":1,"minecraft:saddle":4,"minecraft:netherite_boots":1,"minecraft:basalt":899,"minecraft:salmon":154,"minecraft:leather":198,"minecraft:birch_planks":43,"minecraft:chainmail_chestplate":2,"minecraft:cobblestone_wall":34,"minecraft:gunpowder":617,"minecraft:cobblestone_stairs":676,"minecraft:cooked_mutton":9,"minecraft:red_carpet":1,"minecraft:iron_ingot":572,"minecraft:cooked_chicken":2,"minecraft:soul_sand":122,"minecraft:book":60,"minecraft:scaffolding":498,"minecraft:oak_slab":223,"minecraft:warped_fungus":6,"minecraft:emerald_block":5,"minecraft:pumpkin":42,"minecraft:chiseled_stone_bricks":1,"minecraft:stone_brick_slab":5,"minecraft:quartz":435,"minecraft:dandelion":190,"minecraft:lava_bucket":14,"minecraft:blast_furnace":2,"minecraft:white_bed":29,"minecraft:gold_ore":212,"minecraft:spruce_door":4,"minecraft:spider_eye":43,"minecraft:pumpkin_seeds":46,"minecraft:white_concrete_powder":147,"minecraft:chainmail_leggings":3,"minecraft:iron_helmet":61,"minecraft:black_wool":7,"minecraft:coal":3045},"minecraft:killed":{"minecraft:skeleton":756,"minecraft:chicken":2,"minecraft:salmon":22,"minecraft:iron_golem":29,"minecraft:pillager":10,"minecraft:zombie":413,"minecraft:cow":167,"minecraft:vindicator":5,"minecraft:endermite":1,"minecraft:ravager":1,"minecraft:enderman":1032,"minecraft:zombified_piglin":3,"minecraft:witch":10,"minecraft:spider":97,"minecraft:silverfish":6,"minecraft:piglin":2,"minecraft:pig":101,"minecraft:zombie_villager":5,"minecraft:creeper":149,"minecraft:sheep":4,"minecraft:trader_llama":2,"minecraft:slime":10,"minecraft:phantom":13,"minecraft:drowned":5,"minecraft:squid":2},"minecraft:used":{"minecraft:music_disc_far":3,"minecraft:polished_blackstone":4,"minecraft:spruce_slab":58,"minecraft:ladder":13,"minecraft:poppy":24,"minecraft:black_carpet":3,"minecraft:chest":194,"minecraft:stone":96,"minecraft:quartz_stairs":5,"minecraft:rotten_flesh":24,"minecraft:soul_sand":26,"minecraft:snowball":281,"minecraft:spruce_boat":7,"minecraft:lava_bucket":24,"minecraft:black_stained_glass_pane":61,"minecraft:birch_sapling":11,"minecraft:quartz_block":20,"minecraft:dark_oak_leaves":1,"minecraft:stone_brick_stairs":38,"minecraft:bow":323,"minecraft:oak_sapling":77,"minecraft:sweet_berries":9,"minecraft:cooked_cod":41,"minecraft:furnace":20,"minecraft:egg":7,"minecraft:potato":957,"minecraft:diorite":46,"minecraft:spruce_door":4,"minecraft:powered_rail":184,"minecraft:blackstone":2,"minecraft:wooden_pickaxe":17,"minecraft:oak_leaves":33,"minecraft:dark_oak_trapdoor":20,"minecraft:sand":4,"minecraft:blast_furnace":4,"minecraft:pumpkin_seeds":4,"minecraft:birch_slab":204,"minecraft:lectern":11,"minecraft:lilac":1,"minecraft:diamond_sword":3003,"minecraft:dark_oak_fence":81,"minecraft:smithing_table":2,"minecraft:oak_trapdoor":209,"minecraft:enchanting_table":2,"minecraft:stone_sword":11,"minecraft:carved_pumpkin":5,"minecraft:armor_stand":4,"minecraft:cooked_salmon":15,"minecraft:netherrack":2992,"minecraft:torch":3283,"minecraft:anvil":2,"minecraft:brewing_stand":3,"minecraft:warped_wart_block":1,"minecraft:target":17,"minecraft:oak_fence_gate":8,"minecraft:light_weighted_pressure_plate":20,"minecraft:iron_axe":1657,"minecraft:melon_seeds":7,"minecraft:bamboo":20,"minecraft:tripwire_hook":3,"minecraft:glowstone":16,"minecraft:basalt":16,"minecraft:magenta_wool":1,"minecraft:beef":1,"minecraft:iron_trapdoor":1,"minecraft:wheat_seeds":946,"minecraft:water_bucket":712,"minecraft:birch_planks":5,"minecraft:yellow_shulker_box":20,"minecraft:cauldron":3,"minecraft:fletching_table":3,"minecraft:gold_ore":1,"minecraft:salmon":1,"minecraft:rail":636,"minecraft:tnt":325,"minecraft:crafting_table":50,"minecraft:oak_slab":494,"minecraft:birch_sign":4,"minecraft:white_bed":42,"minecraft:campfire":2,"minecraft:cod":5,"minecraft:lime_shulker_box":53,"minecraft:cake":1,"minecraft:spruce_log":4,"minecraft:music_disc_strad":2,"minecraft:oak_log":5,"minecraft:diamond_pickaxe":20287,"minecraft:cornflower":1,"minecraft:diamond_shovel":21666,"minecraft:iron_pickaxe":5679,"minecraft:spruce_pressure_plate":3,"minecraft:chiseled_stone_bricks":1,"minecraft:cobblestone":18216,"minecraft:cooked_porkchop":173,"minecraft:glass_pane":92,"minecraft:dandelion":3,"minecraft:jukebox":2,"minecraft:iron_shovel":9306,"minecraft:oak_sign":24,"minecraft:polished_basalt":1,"minecraft:white_concrete_powder":465,"minecraft:shield":298,"minecraft:iron_sword":1802,"minecraft:nether_wart":47,"minecraft:carrot":335,"minecraft:obsidian":27,"minecraft:glass":167,"minecraft:coal_ore":5,"minecraft:bricks":354,"minecraft:quartz_slab":138,"minecraft:lantern":11,"minecraft:stone_bricks":342,"minecraft:item_frame":75,"minecraft:red_carpet":83,"minecraft:scaffolding":364,"minecraft:dark_oak_stairs":5,"minecraft:stone_pickaxe":604,"minecraft:oak_planks":603,"minecraft:ender_pearl":55,"minecraft:redstone_block":3,"minecraft:sugar_cane":55,"minecraft:diamond_axe":373,"minecraft:white_wool":5,"minecraft:stone_brick_wall":61,"minecraft:note_block":3,"minecraft:shears":88,"minecraft:redstone_torch":51,"minecraft:lever":1,"minecraft:firework_rocket":13,"minecraft:melon_slice":7,"minecraft:bread":76,"minecraft:gravel":6,"minecraft:grindstone":6,"minecraft:andesite":56,"minecraft:chain":2,"minecraft:white_concrete":372,"minecraft:bone_meal":106,"minecraft:netherite_sword":799,"minecraft:oak_fence":91,"minecraft:rose_bush":3,"minecraft:flint_and_steel":239,"minecraft:stone_shovel":803,"minecraft:redstone":3,"minecraft:brown_shulker_box":1,"minecraft:stone_hoe":131,"minecraft:oak_door":7,"minecraft:dirt":20349,"minecraft:white_carpet":44,"minecraft:hopper":101,"minecraft:spruce_stairs":13,"minecraft:cobblestone_wall":28,"minecraft:salmon_bucket":2,"minecraft:granite":115,"minecraft:spruce_fence":18,"minecraft:iron_hoe":241,"minecraft:dark_oak_planks":1,"minecraft:stone_brick_slab":6,"minecraft:bookshelf":43,"minecraft:oak_stairs":14,"minecraft:black_stained_glass":9,"minecraft:soul_soil":1,"minecraft:netherite_pickaxe":55405,"minecraft:minecart":44,"minecraft:cooked_beef":270,"minecraft:pumpkin":6,"minecraft:cooked_mutton":5,"minecraft:cobblestone_stairs":993,"minecraft:snow_block":247,"minecraft:glass_bottle":7,"minecraft:polished_andesite":6,"minecraft:baked_potato":865,"minecraft:brown_mushroom":1,"minecraft:cobblestone_slab":214,"minecraft:music_disc_cat":1,"minecraft:painting":49,"minecraft:dark_oak_door":1,"minecraft:smoker":2,"minecraft:flower_pot":8,"minecraft:activator_rail":2,"minecraft:chicken":2,"minecraft:stone_axe":28,"minecraft:fishing_rod":255,"minecraft:white_banner":10,"minecraft:bucket":742,"minecraft:splash_potion":3,"minecraft:smooth_stone":2},"minecraft:broken":{"minecraft:iron_boots":4,"minecraft:iron_leggings":1,"minecraft:iron_sword":3,"minecraft:leather_helmet":1,"minecraft:stone_hoe":1,"minecraft:shield":3,"minecraft:iron_axe":3,"minecraft:iron_pickaxe":20,"minecraft:iron_helmet":8,"minecraft:iron_shovel":21,"minecraft:leather_leggings":1,"minecraft:stone_pickaxe":4,"minecraft:diamond_boots":1,"minecraft:stone_shovel":5,"minecraft:flint_and_steel":4,"minecraft:leather_chestplate":1},"minecraft:mined":{"minecraft:white_bed":30,"minecraft:obsidian":46,"minecraft:carved_pumpkin":5,"minecraft:granite":778,"minecraft:stone_brick_wall":12,"minecraft:oak_pressure_plate":2,"minecraft:oak_wall_sign":7,"minecraft:hopper":10,"minecraft:nether_wart":24,"minecraft:chiseled_stone_bricks":1,"minecraft:tall_seagrass":20,"minecraft:magma_block":88,"minecraft:dark_oak_trapdoor":19,"minecraft:fire":70,"minecraft:pumpkin":23,"minecraft:fletching_table":2,"minecraft:enchanting_table":1,"minecraft:potted_dandelion":1,"minecraft:oak_sign":2,"minecraft:quartz_slab":63,"minecraft:spruce_pressure_plate":2,"minecraft:white_banner":3,"minecraft:brown_mushroom":8,"minecraft:smoker":1,"minecraft:torch":402,"minecraft:note_block":2,"minecraft:blast_furnace":2,"minecraft:melon":25,"minecraft:glass":9,"minecraft:lime_shulker_box":53,"minecraft:sugar_cane":268,"minecraft:bricks":129,"minecraft:chain":1,"minecraft:wheat":838,"minecraft:lilac":1,"minecraft:jukebox":1,"minecraft:pumpkin_stem":1,"minecraft:warped_fungus":2,"minecraft:potted_poppy":3,"minecraft:stone_brick_stairs":3,"minecraft:grass":1445,"minecraft:oak_fence_gate":4,"minecraft:dark_oak_log":32,"minecraft:dark_oak_fence":34,"minecraft:spruce_fence":1,"minecraft:redstone_wire":3,"minecraft:white_concrete_powder":6,"minecraft:black_stained_glass_pane":5,"minecraft:redstone_ore":297,"minecraft:snow":2840,"minecraft:andesite":685,"minecraft:potatoes":842,"minecraft:cobblestone_slab":99,"minecraft:vine":45,"minecraft:rail":394,"minecraft:warped_stem":23,"minecraft:bamboo":13,"minecraft:white_wool":6,"minecraft:smithing_table":1,"minecraft:oak_slab":81,"minecraft:redstone_block":2,"minecraft:glass_pane":3,"minecraft:soul_sand":115,"minecraft:stone_brick_slab":3,"minecraft:dandelion":6,"minecraft:cornflower":2,"minecraft:emerald_ore":2,"minecraft:campfire":1,"minecraft:tall_grass":148,"minecraft:diorite":565,"minecraft:warped_wart_block":1,"minecraft:black_stained_glass":5,"minecraft:cobblestone_wall":7,"minecraft:white_carpet":19,"minecraft:spruce_log":107,"minecraft:birch_leaves":4,"minecraft:gravel":910,"minecraft:cobweb":6,"minecraft:polished_blackstone":8,"minecraft:stone_bricks":123,"minecraft:gold_ore":207,"minecraft:infested_stone":4,"minecraft:spruce_planks":1,"minecraft:oak_sapling":4,"minecraft:farmland":25,"minecraft:cobblestone_stairs":416,"minecraft:brewing_stand":2,"minecraft:grass_block":11041,"minecraft:white_concrete":376,"minecraft:soul_soil":1,"minecraft:smooth_stone":2,"minecraft:glowstone":9,"minecraft:iron_ore":996,"minecraft:target":13,"minecraft:potted_red_mushroom":1,"minecraft:azure_bluet":1,"minecraft:dark_oak_stairs":5,"minecraft:red_tulip":1,"minecraft:spruce_slab":50,"minecraft:brown_shulker_box":1,"minecraft:quartz_block":14,"minecraft:blackstone":110,"minecraft:clay":233,"minecraft:poppy":18,"minecraft:chest":65,"minecraft:cobblestone":3301,"minecraft:nether_quartz_ore":330,"minecraft:oak_planks":197,"minecraft:grindstone":5,"minecraft:wall_torch":188,"minecraft:seagrass":15,"minecraft:light_weighted_pressure_plate":19,"minecraft:powered_rail":96,"minecraft:dark_oak_door":1,"minecraft:birch_log":98,"minecraft:activator_rail":2,"minecraft:tnt":11,"minecraft:oak_log":838,"minecraft:sand":1752,"minecraft:dirt":16010,"minecraft:netherrack":14629,"minecraft:ancient_debris":32,"minecraft:magenta_wool":1,"minecraft:oak_leaves":270,"minecraft:nether_gold_ore":33,"minecraft:diamond_ore":71,"minecraft:red_carpet":2,"minecraft:oak_door":1,"minecraft:ladder":14,"minecraft:birch_slab":48,"minecraft:spruce_leaves":76,"minecraft:oak_trapdoor":61,"minecraft:furnace":12,"minecraft:carrots":249,"minecraft:polished_basalt":1,"minecraft:bookshelf":20,"minecraft:lantern":6,"minecraft:stone":54747,"minecraft:yellow_shulker_box":20,"minecraft:redstone_wall_torch":1,"minecraft:scaffolding":46,"minecraft:snow_block":5,"minecraft:basalt":282,"minecraft:oak_fence":33,"minecraft:crafting_table":24,"minecraft:rose_bush":13,"minecraft:lectern":10,"minecraft:lapis_ore":83,"minecraft:lily_pad":35,"minecraft:spruce_stairs":5,"minecraft:birch_planks":5,"minecraft:redstone_torch":29,"minecraft:sweet_berry_bush":1,"minecraft:ice":17,"minecraft:white_wall_banner":3,"minecraft:grass_path":7,"minecraft:coal_ore":2188,"minecraft:flower_pot":1,"minecraft:polished_andesite":6},"minecraft:killed_by":{"minecraft:ravager":1,"minecraft:vindicator":2,"minecraft:zombie":14,"minecraft:vex":1,"minecraft:zombified_piglin":1,"minecraft:creeper":6,"minecraft:drowned":1,"minecraft:piglin":3,"minecraft:player":5,"minecraft:enderman":1,"minecraft:iron_golem":2,"minecraft:skeleton":6,"minecraft:phantom":1},"minecraft:dropped":{"minecraft:iron_sword":11,"minecraft:porkchop":2,"minecraft:oak_pressure_plate":4,"minecraft:cooked_beef":59,"minecraft:glass_bottle":1,"minecraft:diamond":25,"minecraft:crafting_table":2,"minecraft:cooked_porkchop":49,"minecraft:crossbow":2,"minecraft:elytra":12,"minecraft:leather_helmet":1,"minecraft:red_mushroom":1,"minecraft:emerald":22,"minecraft:red_shulker_box":1,"minecraft:dirt":4038,"minecraft:dark_oak_fence":2,"minecraft:dark_oak_trapdoor":5,"minecraft:gold_nugget":5,"minecraft:wooden_sword":1,"minecraft:bone_meal":1,"minecraft:phantom_membrane":12,"minecraft:sand":137,"minecraft:sugar":8,"minecraft:iron_pickaxe":8,"minecraft:dark_oak_planks":36,"minecraft:fishing_rod":5,"minecraft:white_wool":1,"minecraft:bone":350,"minecraft:oak_door":7,"minecraft:stone_axe":1,"minecraft:sugar_cane":7,"minecraft:iron_nugget":41,"minecraft:cooked_chicken":2,"minecraft:golden_chestplate":2,"minecraft:black_carpet":2,"minecraft:netherite_sword":2,"minecraft:wheat":5,"minecraft:obsidian":12,"minecraft:rotten_flesh":336,"minecraft:oak_planks":24,"minecraft:glowstone_dust":8,"minecraft:salmon":1,"minecraft:coal_ore":1,"minecraft:charcoal":4,"minecraft:leather_boots":10,"minecraft:ladder":29,"minecraft:leather_leggings":6,"minecraft:spruce_slab":7,"minecraft:glass":3,"minecraft:beef":9,"minecraft:egg":2,"minecraft:enchanted_book":4,"minecraft:golden_boots":1,"minecraft:iron_ingot":4,"minecraft:netherite_pickaxe":4,"minecraft:wheat_seeds":161,"minecraft:tnt":17,"minecraft:polished_blackstone":1,"minecraft:iron_helmet":14,"minecraft:oak_fence":14,"minecraft:feather":7,"minecraft:cobblestone":7669,"minecraft:book":1,"minecraft:apple":2,"minecraft:granite":158,"minecraft:spruce_door":5,"minecraft:chainmail_helmet":1,"minecraft:coal":78,"minecraft:golden_apple":1,"minecraft:polished_andesite":1,"minecraft:iron_trapdoor":1,"minecraft:ink_sac":6,"minecraft:cooked_salmon":10,"minecraft:diamond_helmet":6,"minecraft:potion":2,"minecraft:oak_stairs":2,"minecraft:iron_shovel":10,"minecraft:chainmail_leggings":7,"minecraft:paper":4,"minecraft:string":53,"minecraft:lily_pad":5,"minecraft:spruce_sapling":14,"minecraft:bricks":29,"minecraft:netherite_ingot":3,"minecraft:stone_sword":2,"minecraft:bowl":3,"minecraft:stone_shovel":2,"minecraft:chicken":2,"minecraft:white_carpet":10,"minecraft:iron_boots":6,"minecraft:stone_slab":5,"minecraft:oak_sign":7,"minecraft:spruce_fence":25,"minecraft:pumpkin_seeds":5,"minecraft:diamond_sword":6,"minecraft:potato":872,"minecraft:cobblestone_slab":9,"minecraft:shroomlight":9,"minecraft:stone":89,"minecraft:flower_pot":1,"minecraft:spruce_planks":4,"minecraft:diamond_pickaxe":3,"minecraft:bamboo":1,"minecraft:spider_eye":14,"minecraft:bow":63,"minecraft:black_wool":3,"minecraft:quartz_slab":14,"minecraft:blue_shulker_box":1,"minecraft:warped_stem":22,"minecraft:birch_planks":12,"minecraft:oak_log":4,"minecraft:baked_potato":322,"minecraft:ender_pearl":9,"minecraft:lantern":6,"minecraft:leather":6,"minecraft:cod":64,"minecraft:flint":43,"minecraft:cobblestone_stairs":94,"minecraft:cornflower":14,"minecraft:cooked_cod":25,"minecraft:snowball":646,"minecraft:birch_log":10,"minecraft:black_stained_glass":1,"minecraft:gravel":345,"minecraft:blackstone":16,"minecraft:diamond_shovel":11,"minecraft:cooked_mutton":1,"minecraft:carrot":77,"minecraft:poppy":27,"minecraft:leather_chestplate":3,"minecraft:gunpowder":107,"minecraft:spruce_pressure_plate":2,"minecraft:glowstone":48,"minecraft:stone_brick_wall":6,"minecraft:chest":2,"minecraft:powered_rail":12,"minecraft:iron_ore":1,"minecraft:basalt":213,"minecraft:arrow":142,"minecraft:quartz":30,"minecraft:splash_potion":1,"minecraft:netherrack":2274,"minecraft:firework_rocket":57,"minecraft:water_bucket":1,"minecraft:bread":10,"minecraft:oak_slab":27,"minecraft:golden_helmet":3,"minecraft:poisonous_potato":11,"minecraft:lead":3,"minecraft:grass_block":1,"minecraft:stick":77,"minecraft:diorite":222,"minecraft:nether_gold_ore":2,"minecraft:torch":56,"minecraft:melon_slice":42,"minecraft:brown_wool":2,"minecraft:iron_leggings":9,"minecraft:iron_axe":12,"minecraft:cactus":6,"minecraft:tripwire_hook":1,"minecraft:bucket":5,"minecraft:dandelion":6,"minecraft:redstone_block":10,"minecraft:redstone":33,"minecraft:sweet_berries":2,"minecraft:oak_trapdoor":3,"minecraft:nether_wart":1,"minecraft:smoker":1,"minecraft:acacia_leaves":1,"minecraft:flint_and_steel":4,"minecraft:shield":3,"minecraft:diamond_chestplate":3,"minecraft:iron_chestplate":13,"minecraft:andesite":239,"minecraft:golden_leggings":4,"minecraft:oak_sapling":7,"minecraft:golden_sword":1,"minecraft:birch_sign":1,"minecraft:spruce_log":7,"minecraft:diamond_boots":8,"minecraft:slime_ball":3,"minecraft:stone_pickaxe":3,"minecraft:wooden_pickaxe":1,"minecraft:brick":4},"minecraft:crafted":{"minecraft:black_dye":8,"minecraft:smooth_stone":32,"minecraft:chainmail_helmet":1,"minecraft:oak_sign":18,"minecraft:blaze_powder":4,"minecraft:chain":1,"minecraft:birch_slab":204,"minecraft:diamond_shovel":2,"minecraft:lever":1,"minecraft:bookshelf":44,"minecraft:cooked_mutton":15,"minecraft:glass":282,"minecraft:quartz_block":87,"minecraft:diamond_helmet":1,"minecraft:repeater":3,"minecraft:diamond_leggings":1,"minecraft:melon_seeds":1,"minecraft:flower_pot":3,"minecraft:glass_bottle":12,"minecraft:target":5,"minecraft:emerald":2,"minecraft:cooked_porkchop":232,"minecraft:diamond_axe":1,"minecraft:spruce_door":6,"minecraft:smithing_table":1,"minecraft:sticky_piston":2,"minecraft:hay_block":9,"minecraft:campfire":2,"minecraft:painting":7,"minecraft:stone_brick_stairs":40,"minecraft:lectern":1,"minecraft:golden_leggings":3,"minecraft:stone_slab":6,"minecraft:iron_pickaxe":26,"minecraft:iron_block":100,"minecraft:gold_ingot":367,"minecraft:netherite_ingot":7,"minecraft:stone_shovel":6,"minecraft:smooth_stone_slab":12,"minecraft:jukebox":1,"minecraft:leather_leggings":1,"minecraft:iron_nugget":81,"minecraft:bone_meal":402,"minecraft:spruce_fence":3,"minecraft:white_carpet":30,"minecraft:lantern":9,"minecraft:dark_oak_fence":75,"minecraft:spruce_stairs":12,"minecraft:polished_diorite":216,"minecraft:ladder":15,"minecraft:spruce_slab":42,"minecraft:stone_pickaxe":5,"minecraft:diamond_boots":1,"minecraft:quartz_slab":126,"minecraft:spruce_boat":1,"minecraft:redstone_block":130,"minecraft:dark_oak_planks":392,"minecraft:lead":2,"minecraft:golden_helmet":1,"minecraft:wheat":36,"minecraft:coal_block":144,"minecraft:enchanting_table":1,"minecraft:polished_granite":380,"minecraft:leather_helmet":2,"minecraft:red_carpet":144,"minecraft:glowstone":5,"minecraft:enchanted_book":1,"minecraft:oak_fence_gate":4,"minecraft:golden_apple":2,"minecraft:fermented_spider_eye":2,"minecraft:oak_stairs":16,"minecraft:black_stained_glass_pane":64,"minecraft:iron_shovel":26,"minecraft:iron_leggings":17,"minecraft:armor_stand":4,"minecraft:white_bed":13,"minecraft:note_block":1,"minecraft:brick":1011,"minecraft:grindstone":1,"minecraft:oak_planks":3624,"minecraft:cobblestone_slab":246,"minecraft:stone":336,"minecraft:cobblestone_stairs":736,"minecraft:spruce_pressure_plate":3,"minecraft:hopper":91,"minecraft:stone_brick_slab":6,"minecraft:bow":31,"minecraft:iron_boots":14,"minecraft:chest":221,"minecraft:rail":304,"minecraft:bricks":225,"minecraft:stone_hoe":1,"minecraft:stone_bricks":380,"minecraft:oak_fence":78,"minecraft:golden_boots":2,"minecraft:smoker":1,"minecraft:quartz_stairs":8,"minecraft:oak_slab":432,"minecraft:item_frame":47,"minecraft:cauldron":3,"minecraft:crafting_table":29,"minecraft:spruce_planks":212,"minecraft:iron_helmet":17,"minecraft:wooden_pickaxe":1,"minecraft:baked_potato":1271,"minecraft:gold_block":25,"minecraft:brewing_stand":1,"minecraft:birch_planks":312,"minecraft:tnt":328,"minecraft:iron_chestplate":16,"minecraft:book":74,"minecraft:diamond_pickaxe":6,"minecraft:paper":393,"minecraft:charcoal":2,"minecraft:emerald_block":2,"minecraft:shield":11,"minecraft:light_weighted_pressure_plate":1,"minecraft:stick":1608,"minecraft:iron_ingot":1677,"minecraft:leather_chestplate":2,"minecraft:stone_sword":1,"minecraft:snow_block":443,"minecraft:redstone_torch":26,"minecraft:shears":4,"minecraft:polished_andesite":264,"minecraft:wooden_sword":1,"minecraft:oak_door":9,"minecraft:redstone":126,"minecraft:coal":657,"minecraft:tripwire_hook":4,"minecraft:stone_brick_wall":84,"minecraft:fishing_rod":4,"minecraft:leather_boots":2,"minecraft:golden_chestplate":5,"minecraft:furnace":15,"minecraft:blast_furnace":2,"minecraft:piston":12,"minecraft:dark_oak_trapdoor":6,"minecraft:oak_trapdoor":184,"minecraft:glass_pane":192,"minecraft:flint_and_steel":7,"minecraft:scaffolding":156,"minecraft:white_concrete_powder":536,"minecraft:iron_axe":13,"minecraft:iron_hoe":3,"minecraft:cobblestone_wall":48,"minecraft:netherite_scrap":32,"minecraft:birch_sign":6,"minecraft:minecart":7,"minecraft:cooked_beef":177,"minecraft:sugar":1,"minecraft:cooked_cod":110,"minecraft:diamond_sword":5,"minecraft:iron_trapdoor":2,"minecraft:powered_rail":96,"minecraft:iron_sword":10,"minecraft:cooked_salmon":15,"minecraft:bucket":13,"minecraft:stone_axe":1,"minecraft:air":0,"minecraft:bread":93,"minecraft:black_stained_glass":16,"minecraft:blue_dye":1,"minecraft:white_wool":11,"minecraft:white_dye":74,"minecraft:black_carpet":6,"minecraft:anvil":2,"minecraft:torch":2404,"minecraft:lapis_lazuli":162,"minecraft:lapis_block":71,"minecraft:diamond_chestplate":1,"minecraft:firework_rocket":390}},"DataVersion":2567}