{"stats":{"minecraft:custom":{"minecraft:interact_with_crafting_table":264,"minecraft:open_barrel":2,"minecraft:bell_ring":9,"minecraft:leave_game":123,"minecraft:time_since_death":6026,"minecraft:deaths":49,"minecraft:jump":41079,"minecraft:enchant_item":69,"minecraft:interact_with_furnace":672,"minecraft:sleep_in_bed":62,"minecraft:damage_dealt":78739,"minecraft:interact_with_smoker":25,"minecraft:horse_one_cm":418,"minecraft:interact_with_smithing_table":9,"minecraft:inspect_dropper":1,"minecraft:interact_with_anvil":32,"minecraft:inspect_hopper":41,"minecraft:sneak_time":159557,"minecraft:interact_with_blast_furnace":9,"minecraft:interact_with_stonecutter":57,"minecraft:time_since_rest":6076,"minecraft:swim_one_cm":397374,"minecraft:fly_one_cm":6937401,"minecraft:open_chest":1673,"minecraft:fall_one_cm":870665,"minecraft:animals_bred":41,"minecraft:open_shulker_box":1,"minecraft:sprint_one_cm":8988816,"minecraft:drop":1477,"minecraft:talked_to_villager":20,"minecraft:walk_on_water_one_cm":294954,"minecraft:play_one_minute":3003721,"minecraft:open_enderchest":3,"minecraft:interact_with_beacon":2,"minecraft:player_kills":12,"minecraft:crouch_one_cm":538896,"minecraft:mob_kills":2820,"minecraft:climb_one_cm":44463,"minecraft:walk_one_cm":7978626,"minecraft:walk_under_water_one_cm":290805,"minecraft:boat_one_cm":101824,"minecraft:interact_with_grindstone":90,"minecraft:damage_taken":34584,"minecraft:minecart_one_cm":280315},"minecraft:picked_up":{"minecraft:iron_chestplate":17,"minecraft:chainmail_boots":3,"minecraft:diamond_sword":4,"minecraft:lead":12,"minecraft:enchanted_book":1,"minecraft:string":43,"minecraft:soul_soil":3,"minecraft:cooked_salmon":2,"minecraft:diamond_leggings":1,"minecraft:gold_nugget":237,"minecraft:spruce_planks":79,"minecraft:dark_oak_door":11,"minecraft:golden_helmet":15,"minecraft:composter":1,"minecraft:golden_chestplate":9,"minecraft:chiseled_nether_bricks":10,"minecraft:black_dye":15,"minecraft:polished_basalt":44,"minecraft:blaze_rod":5,"minecraft:iron_bars":334,"minecraft:birch_log":103,"minecraft:magma_block":296,"minecraft:polished_diorite_slab":212,"minecraft:feather":33,"minecraft:cooked_beef":280,"minecraft:iron_door":3,"minecraft:water_bucket":4,"minecraft:flint":118,"minecraft:netherite_leggings":1,"minecraft:lantern":8,"minecraft:twisting_vines":6,"minecraft:stonecutter":11,"minecraft:dark_oak_sign":1,"minecraft:diamond_helmet":1,"minecraft:chiseled_polished_blackstone":7,"minecraft:warped_wart_block":3,"minecraft:ink_sac":21,"minecraft:dark_oak_log":1526,"minecraft:polished_andesite":202,"minecraft:granite":565,"minecraft:bread":316,"minecraft:crimson_roots":7,"minecraft:diamond_pickaxe":13,"minecraft:crafting_table":15,"minecraft:leather_leggings":8,"minecraft:snow":4,"minecraft:netherite_scrap":1,"minecraft:netherite_sword":1,"minecraft:beef":892,"minecraft:iron_nugget":37,"minecraft:poppy":15,"minecraft:minecart":6,"minecraft:chest":30,"minecraft:birch_sapling":15,"minecraft:egg":1,"minecraft:stone":816,"minecraft:oak_door":3,"minecraft:fire_charge":1,"minecraft:redstone":1942,"minecraft:netherite_pickaxe":6,"minecraft:stone_shovel":4,"minecraft:diamond_chestplate":2,"minecraft:peony":4,"minecraft:shears":6,"minecraft:diamond_boots":1,"minecraft:hay_block":2,"minecraft:gold_ingot":19,"minecraft:polished_blackstone":261,"minecraft:mutton":20,"minecraft:white_wool":101,"minecraft:rail":9,"minecraft:stripped_oak_log":22,"minecraft:birch_leaves":16,"minecraft:red_mushroom":3,"minecraft:oak_log":643,"minecraft:ancient_debris":27,"minecraft:golden_boots":9,"minecraft:paper":51,"minecraft:white_banner":2,"minecraft:stone_bricks":620,"minecraft:apple":10,"minecraft:stone_pickaxe":20,"minecraft:iron_ore":477,"minecraft:iron_sword":22,"minecraft:dark_oak_stairs":6,"minecraft:polished_andesite_stairs":3,"minecraft:dark_oak_slab":1520,"minecraft:sweet_berries":495,"minecraft:gravel":109,"minecraft:spruce_sapling":2,"minecraft:spruce_log":42,"minecraft:crying_obsidian":4,"minecraft:leather_helmet":10,"minecraft:diamond_shovel":3,"minecraft:coal_ore":4,"minecraft:polished_diorite":132,"minecraft:diamond_axe":1,"minecraft:painting":142,"minecraft:gray_wool":1,"minecraft:warped_roots":9,"minecraft:polished_blackstone_brick_wall":36,"minecraft:warped_nylium":2,"minecraft:stripped_dark_oak_log":4,"minecraft:hopper":3,"minecraft:ender_pearl":3,"minecraft:wheat":879,"minecraft:potion":1,"minecraft:nether_brick":48,"minecraft:stone_brick_stairs":78,"minecraft:smooth_stone_slab":2,"minecraft:armor_stand":1,"minecraft:iron_leggings":18,"minecraft:netherite_ingot":2,"minecraft:smooth_stone":138,"minecraft:bucket":6,"minecraft:rose_bush":25,"minecraft:redstone_torch":2,"minecraft:cobblestone_slab":50,"minecraft:iron_pickaxe":22,"minecraft:furnace":5,"minecraft:iron_boots":17,"minecraft:stick":105,"minecraft:oak_fence":13,"minecraft:torch":2426,"minecraft:porkchop":58,"minecraft:diorite":762,"minecraft:quartz_block":18,"minecraft:rotten_flesh":105,"minecraft:obsidian":1,"minecraft:cobblestone":11139,"minecraft:leather_chestplate":10,"minecraft:lilac":3,"minecraft:magma_cream":4,"minecraft:repeater":4,"minecraft:andesite":537,"minecraft:black_bed":1,"minecraft:golden_leggings":10,"minecraft:chiseled_quartz_block":6,"minecraft:dirt":2614,"minecraft:lapis_lazuli":696,"minecraft:leather_boots":4,"minecraft:bone":2310,"minecraft:bow":141,"minecraft:wheat_seeds":2314,"minecraft:oak_planks":162,"minecraft:stone_hoe":6,"minecraft:cooked_porkchop":5,"minecraft:black_stained_glass_pane":90,"minecraft:sand":334,"minecraft:grass_block":1521,"minecraft:lily_of_the_valley":4,"minecraft:spectral_arrow":1,"minecraft:diamond":208,"minecraft:crossbow":2,"minecraft:bone_meal":373,"minecraft:emerald":6,"minecraft:oak_sapling":91,"minecraft:netherrack":7582,"minecraft:oak_leaves":506,"minecraft:chicken":18,"minecraft:ladder":68,"minecraft:brown_mushroom":1,"minecraft:wooden_pickaxe":3,"minecraft:stone_brick_wall":278,"minecraft:stone_stairs":23,"minecraft:iron_axe":8,"minecraft:wooden_sword":3,"minecraft:item_frame":29,"minecraft:quartz_slab":65,"minecraft:birch_fence":15,"minecraft:blackstone":338,"minecraft:oak_boat":3,"minecraft:lectern":3,"minecraft:sugar_cane":217,"minecraft:phantom_membrane":2,"minecraft:dark_oak_sapling":32,"minecraft:polished_blackstone_bricks":99,"minecraft:stone_button":2,"minecraft:dark_oak_planks":509,"minecraft:arrow":2116,"minecraft:nether_bricks":40,"minecraft:basalt":48,"minecraft:salmon":15,"minecraft:leather":468,"minecraft:birch_planks":10,"minecraft:gunpowder":23,"minecraft:cobblestone_stairs":36,"minecraft:red_carpet":33,"minecraft:iron_ingot":181,"minecraft:soul_sand":11,"minecraft:book":66,"minecraft:oak_slab":14,"minecraft:warped_fungus":1,"minecraft:chiseled_stone_bricks":366,"minecraft:stone_brick_slab":572,"minecraft:quartz":1052,"minecraft:dandelion":6,"minecraft:white_bed":38,"minecraft:nether_brick_slab":4,"minecraft:gold_ore":57,"minecraft:spider_eye":10,"minecraft:chainmail_leggings":5,"minecraft:iron_helmet":12,"minecraft:dark_oak_wood":3,"minecraft:coal":1500,"minecraft:sunflower":22},"minecraft:killed":{"minecraft:cave_spider":8,"minecraft:skeleton":2111,"minecraft:chicken":10,"minecraft:magma_cube":61,"minecraft:salmon":6,"minecraft:pillager":2,"minecraft:zombie":102,"minecraft:cow":320,"minecraft:endermite":1,"minecraft:wandering_trader":1,"minecraft:enderman":8,"minecraft:zombified_piglin":16,"minecraft:spider":22,"minecraft:silverfish":4,"minecraft:piglin":7,"minecraft:pig":19,"minecraft:zombie_villager":1,"minecraft:strider":2,"minecraft:creeper":43,"minecraft:sheep":9,"minecraft:trader_llama":3,"minecraft:ghast":1,"minecraft:blaze":15,"minecraft:phantom":16,"minecraft:drowned":1,"minecraft:bat":2,"minecraft:hoglin":2,"minecraft:squid":7},"minecraft:used":{"minecraft:peony":3,"minecraft:polished_blackstone":203,"minecraft:poppy":5,"minecraft:ladder":21,"minecraft:chest":55,"minecraft:stone":159,"minecraft:rotten_flesh":3,"minecraft:soul_sand":6,"minecraft:lily_of_the_valley":4,"minecraft:black_stained_glass_pane":295,"minecraft:grass_block":1446,"minecraft:quartz_block":16,"minecraft:dark_oak_slab":2878,"minecraft:stone_brick_stairs":185,"minecraft:bow":538,"minecraft:snow":2,"minecraft:sweet_berries":399,"minecraft:furnace":25,"minecraft:oak_sapling":90,"minecraft:egg":1,"minecraft:diorite":23,"minecraft:blackstone":17,"minecraft:wooden_pickaxe":13,"minecraft:composter":1,"minecraft:oak_leaves":285,"minecraft:chiseled_quartz_block":2,"minecraft:birch_fence":15,"minecraft:crying_obsidian":3,"minecraft:stone_button":6,"minecraft:lectern":5,"minecraft:diamond_sword":735,"minecraft:fire_charge":1,"minecraft:wooden_sword":38,"minecraft:oak_boat":1,"minecraft:iron_bars":71,"minecraft:stone_sword":23,"minecraft:armor_stand":3,"minecraft:cooked_salmon":2,"minecraft:netherrack":616,"minecraft:torch":1142,"minecraft:warped_wart_block":3,"minecraft:ancient_debris":1,"minecraft:anvil":1,"minecraft:stone_stairs":49,"minecraft:polished_diorite":47,"minecraft:iron_axe":1000,"minecraft:basalt":6,"minecraft:wheat_seeds":989,"minecraft:water_bucket":15,"minecraft:birch_planks":2,"minecraft:polished_blackstone_bricks":235,"minecraft:salmon":6,"minecraft:rail":1,"minecraft:oak_slab":56,"minecraft:crafting_table":20,"minecraft:white_bed":38,"minecraft:spruce_log":36,"minecraft:oak_log":326,"minecraft:diamond_pickaxe":6900,"minecraft:diamond_shovel":2863,"minecraft:sunflower":20,"minecraft:iron_pickaxe":4698,"minecraft:spruce_sapling":2,"minecraft:chiseled_stone_bricks":659,"minecraft:cobblestone":3057,"minecraft:cooked_porkchop":21,"minecraft:porkchop":3,"minecraft:dandelion":1,"minecraft:iron_sword":865,"minecraft:mutton":3,"minecraft:nether_bricks":24,"minecraft:obsidian":1,"minecraft:quartz_slab":17,"minecraft:lantern":59,"minecraft:polished_blackstone_brick_wall":14,"minecraft:dark_oak_wood":3,"minecraft:stone_bricks":1420,"minecraft:item_frame":44,"minecraft:red_carpet":37,"minecraft:magma_block":228,"minecraft:hay_block":2,"minecraft:dark_oak_sapling":10,"minecraft:chiseled_polished_blackstone":7,"minecraft:dark_oak_sign":7,"minecraft:stone_pickaxe":1488,"minecraft:oak_planks":246,"minecraft:polished_diorite_slab":326,"minecraft:ender_pearl":1,"minecraft:diamond_axe":1994,"minecraft:sugar_cane":12,"minecraft:white_wool":1,"minecraft:crossbow":33,"minecraft:stone_brick_wall":514,"minecraft:black_bed":2,"minecraft:shears":416,"minecraft:redstone_torch":6,"minecraft:dark_oak_log":517,"minecraft:bread":140,"minecraft:string":1,"minecraft:iron_door":6,"minecraft:gravel":7,"minecraft:andesite":20,"minecraft:chain":2,"minecraft:bone_meal":327,"minecraft:oak_fence":150,"minecraft:netherite_sword":142,"minecraft:rose_bush":13,"minecraft:stone_shovel":353,"minecraft:redstone":2,"minecraft:spruce_planks":31,"minecraft:stone_hoe":5,"minecraft:oak_door":1,"minecraft:dirt":1576,"minecraft:white_carpet":1,"minecraft:hopper":7,"minecraft:granite":58,"minecraft:stone_brick_slab":1338,"minecraft:wooden_axe":34,"minecraft:dark_oak_planks":786,"minecraft:black_stained_glass":6,"minecraft:minecart":6,"minecraft:netherite_pickaxe":25813,"minecraft:cooked_beef":279,"minecraft:cooked_mutton":9,"minecraft:iron_ore":4,"minecraft:cobblestone_stairs":182,"minecraft:polished_andesite":179,"minecraft:stonecutter":11,"minecraft:chiseled_nether_bricks":6,"minecraft:cobblestone_slab":14,"minecraft:stripped_dark_oak_log":1,"minecraft:painting":172,"minecraft:dark_oak_door":9,"minecraft:apple":3,"minecraft:chicken":4,"minecraft:stone_axe":129,"minecraft:bucket":15,"minecraft:smooth_stone":163},"minecraft:broken":{"minecraft:shears":1,"minecraft:iron_boots":1,"minecraft:iron_chestplate":1,"minecraft:iron_sword":1,"minecraft:iron_axe":4,"minecraft:iron_pickaxe":15,"minecraft:iron_helmet":1,"minecraft:golden_helmet":2,"minecraft:stone_pickaxe":9,"minecraft:stone_axe":1,"minecraft:wooden_axe":1,"minecraft:stone_shovel":2,"minecraft:golden_chestplate":1},"minecraft:mined":{"minecraft:dark_oak_planks":109,"minecraft:white_bed":15,"minecraft:obsidian":1,"minecraft:granite":354,"minecraft:stone_brick_wall":58,"minecraft:hopper":3,"minecraft:chiseled_stone_bricks":146,"minecraft:spawner":3,"minecraft:polished_blackstone_bricks":12,"minecraft:tall_seagrass":6,"minecraft:magma_block":188,"minecraft:fire":30,"minecraft:quartz_slab":17,"minecraft:crimson_nylium":1,"minecraft:torch":159,"minecraft:dark_oak_wood":3,"minecraft:polished_diorite_slab":118,"minecraft:glass":4,"minecraft:sugar_cane":115,"minecraft:wheat":911,"minecraft:lilac":1,"minecraft:black_bed":1,"minecraft:warped_fungus":1,"minecraft:stone_brick_stairs":64,"minecraft:grass":154,"minecraft:dark_oak_sapling":10,"minecraft:red_mushroom_block":12,"minecraft:stonecutter":10,"minecraft:dark_oak_log":1154,"minecraft:nether_bricks":22,"minecraft:crimson_roots":9,"minecraft:redstone_wire":2,"minecraft:black_stained_glass_pane":13,"minecraft:redstone_ore":208,"minecraft:snow":4,"minecraft:andesite":415,"minecraft:cobblestone_slab":4,"minecraft:vine":1,"minecraft:rail":2,"minecraft:oak_slab":8,"minecraft:soul_sand":9,"minecraft:lily_of_the_valley":5,"minecraft:stone_brick_slab":283,"minecraft:polished_blackstone_brick_wall":23,"minecraft:dandelion":2,"minecraft:emerald_ore":2,"minecraft:warped_roots":5,"minecraft:tall_grass":28,"minecraft:diorite":437,"minecraft:warped_wart_block":4,"minecraft:spruce_log":29,"minecraft:birch_leaves":35,"minecraft:sunflower":25,"minecraft:gravel":147,"minecraft:cobweb":5,"minecraft:polished_blackstone":200,"minecraft:stone_bricks":217,"minecraft:gold_ore":57,"minecraft:infested_stone":4,"minecraft:spruce_planks":34,"minecraft:oak_sapling":8,"minecraft:cobblestone_stairs":17,"minecraft:grass_block":1796,"minecraft:polished_diorite":40,"minecraft:composter":1,"minecraft:smooth_stone":43,"minecraft:iron_ore":413,"minecraft:iron_bars":4,"minecraft:quartz_block":9,"minecraft:blackstone":361,"minecraft:chiseled_quartz_block":2,"minecraft:poppy":14,"minecraft:chest":16,"minecraft:mushroom_stem":7,"minecraft:nether_quartz_ore":1020,"minecraft:cobblestone":572,"minecraft:oak_planks":49,"minecraft:iron_door":3,"minecraft:wall_torch":148,"minecraft:seagrass":3,"minecraft:stone_stairs":18,"minecraft:warped_nylium":48,"minecraft:dark_oak_slab":354,"minecraft:dark_oak_door":1,"minecraft:birch_log":80,"minecraft:oak_log":644,"minecraft:sand":326,"minecraft:dirt":1638,"minecraft:netherrack":24467,"minecraft:ancient_debris":21,"minecraft:oak_leaves":624,"minecraft:nether_gold_ore":37,"minecraft:diamond_ore":54,"minecraft:crying_obsidian":3,"minecraft:red_carpet":10,"minecraft:dark_oak_leaves":27,"minecraft:ladder":12,"minecraft:stone_button":2,"minecraft:brown_mushroom_block":11,"minecraft:spruce_leaves":38,"minecraft:hay_block":2,"minecraft:furnace":4,"minecraft:peony":4,"minecraft:nether_brick_fence":1,"minecraft:lantern":7,"minecraft:stripped_oak_log":22,"minecraft:stone":7420,"minecraft:redstone_wall_torch":2,"minecraft:stripped_dark_oak_log":5,"minecraft:basalt":135,"minecraft:oak_fence":13,"minecraft:crafting_table":12,"minecraft:rose_bush":21,"minecraft:lectern":3,"minecraft:lapis_ore":53,"minecraft:birch_planks":9,"minecraft:sweet_berry_bush":55,"minecraft:ice":1,"minecraft:bee_nest":1,"minecraft:grass_path":1,"minecraft:coal_ore":750,"minecraft:polished_andesite":42,"minecraft:birch_fence":15},"minecraft:killed_by":{"minecraft:zombie":7,"minecraft:creeper":3,"minecraft:player":11,"minecraft:spider":4,"minecraft:enderman":3,"minecraft:skeleton":8},"minecraft:dropped":{"minecraft:iron_sword":8,"minecraft:lapis_lazuli":129,"minecraft:cooked_beef":95,"minecraft:diamond":20,"minecraft:crafting_table":2,"minecraft:dark_oak_slab":834,"minecraft:warped_roots":7,"minecraft:leather_helmet":11,"minecraft:red_mushroom":1,"minecraft:emerald":6,"minecraft:dirt":452,"minecraft:birch_fence":15,"minecraft:gold_nugget":91,"minecraft:bone_meal":2406,"minecraft:sand":2,"minecraft:iron_pickaxe":2,"minecraft:dark_oak_planks":16,"minecraft:white_wool":1,"minecraft:bone":5857,"minecraft:dark_oak_door":4,"minecraft:sugar_cane":27,"minecraft:golden_chestplate":13,"minecraft:nether_brick":17,"minecraft:birch_sapling":9,"minecraft:netherite_sword":1,"minecraft:wheat":123,"minecraft:rotten_flesh":64,"minecraft:oak_planks":12,"minecraft:white_bed":1,"minecraft:salmon":1,"minecraft:quartz_block":5,"minecraft:leather_boots":9,"minecraft:leather_leggings":9,"minecraft:beef":4,"minecraft:enchanted_book":1,"minecraft:golden_boots":13,"minecraft:iron_ingot":64,"minecraft:netherite_pickaxe":3,"minecraft:birch_leaves":16,"minecraft:wheat_seeds":443,"minecraft:netherite_chestplate":1,"minecraft:oak_fence":6,"minecraft:iron_helmet":5,"minecraft:feather":3,"minecraft:cobblestone":1151,"minecraft:book":34,"minecraft:granite":104,"minecraft:chainmail_leggings":6,"minecraft:string":11,"minecraft:spruce_sapling":1,"minecraft:soul_soil":2,"minecraft:netherite_ingot":1,"minecraft:polished_diorite_slab":14,"minecraft:stone_shovel":1,"minecraft:chicken":1,"minecraft:iron_boots":9,"minecraft:diamond_sword":1,"minecraft:stone":2,"minecraft:peony":1,"minecraft:diamond_pickaxe":11,"minecraft:spider_eye":7,"minecraft:stone_bricks":2,"minecraft:bow":179,"minecraft:brown_mushroom":1,"minecraft:dark_oak_stairs":6,"minecraft:warped_fungus":1,"minecraft:oak_log":1,"minecraft:dark_oak_sapling":9,"minecraft:leather":28,"minecraft:flint":1,"minecraft:cobblestone_stairs":20,"minecraft:dark_oak_log":211,"minecraft:dark_oak_wood":3,"minecraft:crimson_roots":7,"minecraft:birch_log":4,"minecraft:gravel":23,"minecraft:blackstone":19,"minecraft:chiseled_stone_bricks":69,"minecraft:poppy":1,"minecraft:leather_chestplate":12,"minecraft:gunpowder":15,"minecraft:chainmail_boots":4,"minecraft:basalt":37,"minecraft:arrow":4236,"minecraft:quartz":500,"minecraft:netherrack":5798,"minecraft:bread":50,"minecraft:golden_helmet":12,"minecraft:grass_block":130,"minecraft:stick":6,"minecraft:diorite":192,"minecraft:torch":9,"minecraft:iron_leggings":7,"minecraft:stonecutter":1,"minecraft:dandelion":5,"minecraft:redstone":68,"minecraft:polished_diorite":1,"minecraft:sweet_berries":59,"minecraft:warped_nylium":2,"minecraft:blaze_rod":5,"minecraft:netherite_leggings":1,"minecraft:snow":1,"minecraft:iron_chestplate":6,"minecraft:andesite":207,"minecraft:golden_leggings":12,"minecraft:oak_boat":1,"minecraft:oak_sapling":4,"minecraft:wooden_pickaxe":3,"minecraft:magma_cream":3},"minecraft:crafted":{"minecraft:black_dye":16,"minecraft:smooth_stone":152,"minecraft:dark_oak_wood":3,"minecraft:chain":2,"minecraft:diamond_shovel":2,"minecraft:bookshelf":2,"minecraft:cooked_mutton":10,"minecraft:iron_bars":144,"minecraft:quartz_block":30,"minecraft:glass":267,"minecraft:diamond_helmet":2,"minecraft:diamond_leggings":2,"minecraft:polished_blackstone":304,"minecraft:iron_door":3,"minecraft:chiseled_quartz_block":2,"minecraft:cooked_porkchop":22,"minecraft:diamond_axe":2,"minecraft:painting":41,"minecraft:lectern":2,"minecraft:iron_pickaxe":19,"minecraft:iron_block":3,"minecraft:gold_ingot":61,"minecraft:netherite_ingot":7,"minecraft:polished_blackstone_bricks":224,"minecraft:stone_shovel":3,"minecraft:iron_nugget":744,"minecraft:bone_meal":2470,"minecraft:white_carpet":3,"minecraft:lantern":52,"minecraft:polished_diorite":80,"minecraft:ladder":51,"minecraft:stone_pickaxe":17,"minecraft:diamond_boots":2,"minecraft:redstone_block":64,"minecraft:dark_oak_planks":2488,"minecraft:red_carpet":33,"minecraft:wooden_axe":1,"minecraft:black_stained_glass_pane":336,"minecraft:iron_leggings":5,"minecraft:armor_stand":2,"minecraft:white_bed":8,"minecraft:oak_planks":1176,"minecraft:cobblestone_slab":18,"minecraft:cooked_chicken":4,"minecraft:stone":3803,"minecraft:dark_oak_door":9,"minecraft:hopper":4,"minecraft:stone_brick_slab":450,"minecraft:iron_boots":6,"minecraft:chest":37,"minecraft:stone_hoe":1,"minecraft:stone_bricks":1180,"minecraft:oak_fence":144,"minecraft:polished_diorite_slab":144,"minecraft:item_frame":30,"minecraft:oak_slab":42,"minecraft:crafting_table":11,"minecraft:spruce_planks":24,"minecraft:wooden_pickaxe":3,"minecraft:iron_helmet":5,"minecraft:red_wool":23,"minecraft:birch_planks":116,"minecraft:diamond_pickaxe":4,"minecraft:dark_oak_slab":2940,"minecraft:book":32,"minecraft:iron_chestplate":5,"minecraft:paper":147,"minecraft:charcoal":13,"minecraft:shield":1,"minecraft:birch_fence":15,"minecraft:stick":1312,"minecraft:iron_ingot":439,"minecraft:stone_sword":1,"minecraft:black_bed":1,"minecraft:redstone_torch":4,"minecraft:shears":3,"minecraft:polished_andesite":164,"minecraft:oak_door":3,"minecraft:stone_brick_wall":96,"minecraft:furnace":25,"minecraft:stone_button":4,"minecraft:dark_oak_sign":6,"minecraft:iron_axe":5,"minecraft:netherite_scrap":27,"minecraft:cooked_beef":472,"minecraft:red_dye":23,"minecraft:diamond_sword":3,"minecraft:iron_sword":6,"minecraft:nether_bricks":7,"minecraft:cooked_salmon":2,"minecraft:bucket":2,"minecraft:stone_axe":2,"minecraft:air":0,"minecraft:bread":164,"minecraft:black_stained_glass":136,"minecraft:gold_nugget":1,"minecraft:white_dye":12,"minecraft:stonecutter":1,"minecraft:anvil":1,"minecraft:torch":1356,"minecraft:lapis_lazuli":36,"minecraft:diamond_chestplate":2}},"DataVersion":2567}