{"stats":{"minecraft:custom":{"minecraft:interact_with_crafting_table":780,"minecraft:open_barrel":2,"minecraft:bell_ring":172,"minecraft:leave_game":329,"minecraft:time_since_death":1150639,"minecraft:damage_blocked_by_shield":2480,"minecraft:deaths":45,"minecraft:jump":110971,"minecraft:enchant_item":265,"minecraft:interact_with_furnace":825,"minecraft:traded_with_villager":871,"minecraft:sleep_in_bed":227,"minecraft:damage_dealt":1145322,"minecraft:interact_with_smoker":364,"minecraft:inspect_dispenser":70,"minecraft:horse_one_cm":38392,"minecraft:interact_with_smithing_table":15,"minecraft:inspect_dropper":35,"minecraft:interact_with_anvil":84,"minecraft:inspect_hopper":319,"minecraft:target_hit":1,"minecraft:sneak_time":469473,"minecraft:interact_with_blast_furnace":188,"minecraft:tune_noteblock":22,"minecraft:interact_with_stonecutter":24,"minecraft:time_since_rest":5444,"minecraft:swim_one_cm":2087599,"minecraft:fly_one_cm":29772095,"minecraft:open_chest":5179,"minecraft:fall_one_cm":1895567,"minecraft:animals_bred":111,"minecraft:open_shulker_box":1194,"minecraft:damage_resisted":2975,"minecraft:sprint_one_cm":23676073,"minecraft:drop":1350,"minecraft:play_noteblock":4,"minecraft:talked_to_villager":559,"minecraft:interact_with_brewingstand":24,"minecraft:walk_on_water_one_cm":1382545,"minecraft:play_one_minute":8645174,"minecraft:open_enderchest":942,"minecraft:interact_with_beacon":44,"minecraft:player_kills":5,"minecraft:crouch_one_cm":1574970,"minecraft:mob_kills":17653,"minecraft:climb_one_cm":620367,"minecraft:walk_one_cm":12909962,"minecraft:raid_win":9,"minecraft:walk_under_water_one_cm":4606820,"minecraft:boat_one_cm":706701,"minecraft:raid_trigger":6,"minecraft:interact_with_grindstone":407,"minecraft:damage_taken":70339,"minecraft:damage_absorbed":502,"minecraft:minecart_one_cm":117302,"minecraft:aviate_one_cm":65887107},"minecraft:picked_up":{"minecraft:iron_chestplate":7,"minecraft:chainmail_boots":11,"minecraft:lead":48,"minecraft:smithing_table":1,"minecraft:stone_slab":26,"minecraft:diamond_sword":8,"minecraft:enchanted_book":6,"minecraft:brewing_stand":2,"minecraft:golden_sword":4,"minecraft:string":359,"minecraft:dark_oak_trapdoor":74,"minecraft:soul_soil":35,"minecraft:cooked_salmon":1,"minecraft:gold_nugget":2867,"minecraft:spruce_planks":6,"minecraft:hopper_minecart":1,"minecraft:melon_slice":24,"minecraft:diamond_ore":4,"minecraft:dark_oak_door":2,"minecraft:golden_helmet":23,"minecraft:jukebox":1,"minecraft:composter":16,"minecraft:purpur_pillar":3,"minecraft:acacia_log":14,"minecraft:pink_carpet":4,"minecraft:golden_chestplate":17,"minecraft:stone_sword":8,"minecraft:horn_coral_fan":4,"minecraft:polished_basalt":1,"minecraft:red_tulip":1,"minecraft:iron_block":272,"minecraft:carved_pumpkin":37,"minecraft:glowstone":28,"minecraft:bookshelf":35,"minecraft:end_rod":3,"minecraft:netherite_chestplate":12,"minecraft:blaze_rod":30,"minecraft:blackstone_stairs":1,"minecraft:iron_bars":2,"minecraft:snowball":13,"minecraft:birch_log":82,"minecraft:magma_block":695,"minecraft:polished_diorite_slab":3,"minecraft:feather":3,"minecraft:cooked_beef":297,"minecraft:iron_door":3,"minecraft:water_bucket":27,"minecraft:acacia_leaves":2,"minecraft:dark_oak_boat":21,"minecraft:smoker":1,"minecraft:flint":1816,"minecraft:netherite_leggings":16,"minecraft:lantern":1,"minecraft:stonecutter":2,"minecraft:dark_oak_sign":1,"minecraft:glowstone_dust":12,"minecraft:chiseled_polished_blackstone":1,"minecraft:warped_wart_block":7,"minecraft:dropper":4,"minecraft:ink_sac":122,"minecraft:granite_slab":1,"minecraft:dark_oak_log":199,"minecraft:quartz_bricks":10,"minecraft:dispenser":1,"minecraft:lever":13,"minecraft:granite":756,"minecraft:chainmail_helmet":5,"minecraft:bread":224,"minecraft:dark_oak_fence":1,"minecraft:diamond_pickaxe":9,"minecraft:spruce_leaves":157,"minecraft:crafting_table":228,"minecraft:bee_nest":2,"minecraft:nether_wart":98,"minecraft:leather_leggings":28,"minecraft:dragon_head":1,"minecraft:purpur_block":8,"minecraft:cornflower":295,"minecraft:elytra":19,"minecraft:netherite_scrap":3,"minecraft:white_carpet":8,"minecraft:iron_shovel":6,"minecraft:netherite_sword":21,"minecraft:beef":245,"minecraft:iron_nugget":16,"minecraft:poppy":300,"minecraft:minecart":55,"minecraft:birch_sapling":8,"minecraft:chest":32,"minecraft:piston":76,"minecraft:egg":1,"minecraft:sandstone":13,"minecraft:stone":5074,"minecraft:fire_charge":10,"minecraft:carrot":79,"minecraft:redstone":2517,"minecraft:netherite_pickaxe":29,"minecraft:tnt":5,"minecraft:stone_shovel":6,"minecraft:diamond_chestplate":1,"minecraft:beetroot_seeds":4,"minecraft:tube_coral_fan":4,"minecraft:shears":13,"minecraft:purpur_slab":2,"minecraft:gold_ingot":73,"minecraft:totem_of_undying":11,"minecraft:polished_blackstone":3,"minecraft:mutton":5,"minecraft:white_wool":98,"minecraft:rail":944,"minecraft:oxeye_daisy":303,"minecraft:lapis_ore":8,"minecraft:birch_leaves":50,"minecraft:purpur_stairs":1,"minecraft:oak_log":1152,"minecraft:lily_pad":75,"minecraft:ancient_debris":95,"minecraft:golden_boots":23,"minecraft:paper":222,"minecraft:white_banner":19,"minecraft:apple":22,"minecraft:stone_bricks":229,"minecraft:kelp":422,"minecraft:oak_fence_gate":51,"minecraft:stone_pickaxe":8,"minecraft:iron_ore":471,"minecraft:glass_bottle":46,"minecraft:iron_sword":4,"minecraft:dark_oak_slab":270,"minecraft:light_gray_stained_glass":1,"minecraft:sweet_berries":204,"minecraft:gravel":241,"minecraft:spruce_sapling":17,"minecraft:spruce_log":67,"minecraft:light_blue_stained_glass":1,"minecraft:crying_obsidian":2,"minecraft:dragon_egg":3,"minecraft:leather_helmet":17,"minecraft:firework_rocket":393,"minecraft:diamond_shovel":5,"minecraft:coal_ore":91,"minecraft:slime_ball":411,"minecraft:polished_diorite":4,"minecraft:stone_axe":11,"minecraft:redstone_ore":11,"minecraft:diamond_axe":2,"minecraft:painting":2,"minecraft:birch_sign":3,"minecraft:polished_blackstone_brick_wall":2,"minecraft:warped_roots":1,"minecraft:oak_button":3,"minecraft:baked_potato":525,"minecraft:warped_nylium":4,"minecraft:hopper":36,"minecraft:ender_pearl":1666,"minecraft:wheat":2041,"minecraft:redstone_block":19,"minecraft:ender_chest":112,"minecraft:potion":12,"minecraft:nether_brick":11,"minecraft:stone_brick_stairs":6,"minecraft:smooth_stone_slab":46,"minecraft:iron_leggings":5,"minecraft:sticky_piston":3,"minecraft:oak_sign":33,"minecraft:activator_rail":8,"minecraft:smooth_stone":20,"minecraft:comparator":1,"minecraft:bucket":2,"minecraft:white_tulip":1,"minecraft:redstone_torch":136,"minecraft:cobblestone_slab":36,"minecraft:ender_eye":2,"minecraft:iron_pickaxe":1,"minecraft:iron_boots":6,"minecraft:furnace":14,"minecraft:stick":367,"minecraft:oak_fence":91,"minecraft:torch":380,"minecraft:dried_kelp":594,"minecraft:netherite_shovel":9,"minecraft:diorite":811,"minecraft:blue_stained_glass":65,"minecraft:quartz_block":22,"minecraft:nether_gold_ore":24,"minecraft:cactus":1,"minecraft:rotten_flesh":1177,"minecraft:chorus_flower":4,"minecraft:fire_coral_fan":1,"minecraft:obsidian":367,"minecraft:blaze_powder":20,"minecraft:cobblestone":7289,"minecraft:enchanting_table":2,"minecraft:leather_chestplate":18,"minecraft:lilac":27,"minecraft:magma_cream":15,"minecraft:repeater":13,"minecraft:dead_tube_coral_fan":2,"minecraft:andesite":1105,"minecraft:black_bed":7,"minecraft:golden_leggings":26,"minecraft:beacon":4,"minecraft:potato":4234,"minecraft:magenta_dye":1,"minecraft:wither_skeleton_skull":1,"minecraft:lapis_lazuli":532,"minecraft:dirt":4577,"minecraft:name_tag":5,"minecraft:leather_boots":20,"minecraft:glass":514,"minecraft:bone":3144,"minecraft:bow":258,"minecraft:wheat_seeds":9511,"minecraft:orange_tulip":6,"minecraft:bell":2,"minecraft:netherite_axe":9,"minecraft:fletching_table":8,"minecraft:bamboo":261,"minecraft:powered_rail":113,"minecraft:oak_planks":263,"minecraft:stone_hoe":11,"minecraft:brain_coral":1,"minecraft:ghast_tear":5,"minecraft:poisonous_potato":23,"minecraft:black_stained_glass_pane":1,"minecraft:sand":163,"minecraft:melon":182,"minecraft:grass_block":10,"minecraft:spectral_arrow":1,"minecraft:mossy_cobblestone":56,"minecraft:sugar":6,"minecraft:diamond":339,"minecraft:slime_block":2,"minecraft:netherite_helmet":16,"minecraft:crossbow":9,"minecraft:bone_meal":823,"minecraft:golden_apple":2,"minecraft:spruce_sign":9,"minecraft:emerald":270,"minecraft:oak_sapling":315,"minecraft:netherrack":14171,"minecraft:chorus_fruit":52,"minecraft:andesite_slab":97,"minecraft:oak_leaves":160,"minecraft:azure_bluet":293,"minecraft:splash_potion":1,"minecraft:chicken":3,"minecraft:ladder":183,"minecraft:wooden_pickaxe":1,"minecraft:pink_wool":23,"minecraft:stone_brick_wall":2,"minecraft:diorite_slab":2,"minecraft:gold_block":72,"minecraft:diamond_horse_armor":2,"minecraft:shield":18,"minecraft:oak_trapdoor":60,"minecraft:iron_axe":4,"minecraft:blackstone":403,"minecraft:oak_boat":52,"minecraft:observer":18,"minecraft:lectern":19,"minecraft:blue_shulker_box":306,"minecraft:sugar_cane":4495,"minecraft:phantom_membrane":24,"minecraft:dark_oak_sapling":8,"minecraft:end_stone":45,"minecraft:note_block":1,"minecraft:polished_blackstone_bricks":1,"minecraft:stone_button":17,"minecraft:trident":2,"minecraft:dark_oak_planks":94,"minecraft:arrow":3206,"minecraft:pumpkin_pie":1,"minecraft:nether_bricks":12,"minecraft:pink_tulip":1,"minecraft:saddle":9,"minecraft:netherite_boots":16,"minecraft:dark_oak_button":2,"minecraft:basalt":267,"minecraft:salmon":74,"minecraft:leather":203,"minecraft:birch_planks":79,"minecraft:granite_stairs":1,"minecraft:crimson_fungus":1,"minecraft:chainmail_chestplate":2,"minecraft:gunpowder":154,"minecraft:cobblestone_stairs":8,"minecraft:podzol":6,"minecraft:iron_ingot":264,"minecraft:acacia_sapling":9,"minecraft:soul_sand":146,"minecraft:book":6,"minecraft:scaffolding":167,"minecraft:oak_slab":1,"minecraft:warped_fungus":2,"minecraft:nether_quartz_ore":8,"minecraft:pumpkin":184,"minecraft:chiseled_stone_bricks":1,"minecraft:stone_brick_slab":2,"minecraft:quartz":1125,"minecraft:dandelion":538,"minecraft:lava_bucket":4,"minecraft:brain_coral_fan":1,"minecraft:white_bed":48,"minecraft:nether_brick_slab":2,"minecraft:gold_ore":89,"minecraft:dark_oak_fence_gate":1,"minecraft:spider_eye":120,"minecraft:pumpkin_seeds":183,"minecraft:chainmail_leggings":4,"minecraft:iron_helmet":6,"minecraft:coal":1504,"minecraft:sunflower":94,"minecraft:wooden_axe":1},"minecraft:killed":{"minecraft:cave_spider":2,"minecraft:skeleton":5258,"minecraft:chicken":1,"minecraft:magma_cube":28,"minecraft:salmon":34,"minecraft:iron_golem":7,"minecraft:ender_dragon":2,"minecraft:pillager":224,"minecraft:zombie":349,"minecraft:cow":98,"minecraft:evoker":28,"minecraft:endermite":1,"minecraft:vindicator":124,"minecraft:husk":2,"minecraft:wandering_trader":2,"minecraft:ravager":9,"minecraft:enderman":10797,"minecraft:witch":46,"minecraft:zombified_piglin":10,"minecraft:spider":73,"minecraft:silverfish":2,"minecraft:piglin":17,"minecraft:zombie_villager":6,"minecraft:creeper":62,"minecraft:sheep":3,"minecraft:trader_llama":5,"minecraft:ghast":8,"minecraft:blaze":28,"minecraft:vex":19,"minecraft:slime":88,"minecraft:phantom":6,"minecraft:drowned":5,"minecraft:hoglin":1,"minecraft:squid":28,"minecraft:wither_skeleton":19,"minecraft:villager":1},"minecraft:used":{"minecraft:dispenser":1,"minecraft:polished_blackstone":3,"minecraft:ladder":81,"minecraft:poppy":3,"minecraft:chest":58,"minecraft:stone":2766,"minecraft:rotten_flesh":4,"minecraft:soul_sand":12,"minecraft:blue_stained_glass":105,"minecraft:acacia_sapling":8,"minecraft:azure_bluet":4,"minecraft:lava_bucket":145,"minecraft:netherite_shovel":3443,"minecraft:grass_block":5,"minecraft:birch_sapling":7,"minecraft:quartz_block":27,"minecraft:dark_oak_slab":153,"minecraft:dark_oak_button":2,"minecraft:pink_wool":8,"minecraft:stone_brick_stairs":5,"minecraft:bow":773,"minecraft:dark_oak_boat":18,"minecraft:sweet_berries":164,"minecraft:furnace":16,"minecraft:oak_sapling":160,"minecraft:egg":2,"minecraft:potato":1291,"minecraft:diorite":153,"minecraft:chorus_fruit":11,"minecraft:powered_rail":146,"minecraft:blackstone_stairs":25,"minecraft:blackstone":32,"minecraft:orange_tulip":2,"minecraft:wooden_pickaxe":20,"minecraft:composter":18,"minecraft:oak_leaves":56,"minecraft:dark_oak_trapdoor":47,"minecraft:purpur_stairs":1,"minecraft:sand":37,"minecraft:blast_furnace":4,"minecraft:acacia_leaves":1,"minecraft:pumpkin_seeds":45,"minecraft:birch_fence":9,"minecraft:crying_obsidian":2,"minecraft:stone_button":17,"minecraft:lectern":18,"minecraft:diamond_sword":1960,"minecraft:fire_charge":5,"minecraft:smithing_table":2,"minecraft:dark_oak_fence":1,"minecraft:oak_boat":41,"minecraft:oak_trapdoor":421,"minecraft:diorite_slab":137,"minecraft:enchanting_table":3,"minecraft:stone_sword":981,"minecraft:carved_pumpkin":36,"minecraft:cooked_salmon":10,"minecraft:netherrack":5301,"minecraft:torch":537,"minecraft:brewing_stand":1,"minecraft:anvil":5,"minecraft:chorus_flower":1,"minecraft:nether_quartz_ore":8,"minecraft:nether_brick_slab":86,"minecraft:oak_fence_gate":71,"minecraft:polished_diorite":4,"minecraft:iron_block":381,"minecraft:iron_axe":986,"minecraft:slime_block":2,"minecraft:totem_of_undying":15,"minecraft:melon_seeds":26,"minecraft:bamboo":34,"minecraft:basalt":45,"minecraft:glowstone":17,"minecraft:beef":3,"minecraft:podzol":6,"minecraft:observer":37,"minecraft:horn_coral_fan":1,"minecraft:wheat_seeds":2149,"minecraft:water_bucket":682,"minecraft:birch_planks":223,"minecraft:lead":2,"minecraft:fletching_table":4,"minecraft:gold_ore":1,"minecraft:polished_blackstone_bricks":1,"minecraft:salmon":1,"minecraft:mossy_cobblestone":4,"minecraft:rail":870,"minecraft:comparator":1,"minecraft:tnt":21,"minecraft:oak_slab":11,"minecraft:crafting_table":161,"minecraft:birch_sign":15,"minecraft:white_bed":69,"minecraft:dark_oak_fence_gate":10,"minecraft:oak_log":12,"minecraft:ender_eye":5,"minecraft:diamond_pickaxe":6073,"minecraft:cornflower":2,"minecraft:oxeye_daisy":8,"minecraft:diamond_shovel":923,"minecraft:sunflower":8,"minecraft:oak_button":5,"minecraft:iron_pickaxe":1394,"minecraft:purpur_slab":1,"minecraft:spruce_sapling":12,"minecraft:chiseled_stone_bricks":1,"minecraft:cobblestone":3499,"minecraft:potion":5,"minecraft:kelp":264,"minecraft:dandelion":2,"minecraft:jukebox":1,"minecraft:iron_shovel":1811,"minecraft:melon":134,"minecraft:oak_sign":52,"minecraft:polished_basalt":1,"minecraft:shield":59,"minecraft:iron_sword":262,"minecraft:nether_wart":18,"minecraft:bell":3,"minecraft:spruce_leaves":4,"minecraft:nether_bricks":12,"minecraft:carrot":19,"minecraft:obsidian":50,"minecraft:milk_bucket":1,"minecraft:glass":600,"minecraft:coal_ore":26,"minecraft:polished_blackstone_brick_wall":2,"minecraft:warped_nylium":4,"minecraft:hopper_minecart":10,"minecraft:stone_bricks":399,"minecraft:golden_sword":12,"minecraft:birch_trapdoor":1,"minecraft:repeater":18,"minecraft:magma_block":386,"minecraft:scaffolding":170,"minecraft:blue_shulker_box":302,"minecraft:gold_block":31,"minecraft:dark_oak_sapling":3,"minecraft:chiseled_polished_blackstone":1,"minecraft:dark_oak_stairs":6,"minecraft:tube_coral_fan":4,"minecraft:end_rod":1,"minecraft:dropper":6,"minecraft:wither_skeleton_skull":1,"minecraft:birch_leaves":42,"minecraft:stone_pickaxe":531,"minecraft:dark_oak_sign":1,"minecraft:oak_planks":34,"minecraft:ender_pearl":141,"minecraft:sandstone":1,"minecraft:redstone_block":72,"minecraft:sugar_cane":205,"minecraft:diamond_axe":1,"minecraft:crossbow":2,"minecraft:black_bed":8,"minecraft:blackstone_wall":4,"minecraft:note_block":1,"minecraft:end_stone":4,"minecraft:shears":283,"minecraft:sticky_piston":3,"minecraft:redstone_torch":134,"minecraft:lever":17,"minecraft:firework_rocket":57,"minecraft:birch_fence_gate":4,"minecraft:bread":286,"minecraft:string":1,"minecraft:gravel":208,"minecraft:iron_door":2,"minecraft:granite_slab":97,"minecraft:grindstone":7,"minecraft:andesite":298,"minecraft:smooth_stone_slab":57,"minecraft:bone_meal":1517,"minecraft:oak_fence":200,"minecraft:purpur_block":8,"minecraft:trident":2,"minecraft:netherite_sword":13267,"minecraft:white_tulip":1,"minecraft:granite_stairs":13,"minecraft:flint_and_steel":16,"minecraft:redstone_ore":11,"minecraft:stone_shovel":158,"minecraft:redstone":143,"minecraft:ender_chest":110,"minecraft:stone_hoe":528,"minecraft:dirt":3395,"minecraft:white_carpet":36,"minecraft:hopper":57,"minecraft:bee_nest":2,"minecraft:oak_wood":1,"minecraft:pink_carpet":2,"minecraft:salmon_bucket":27,"minecraft:light_blue_stained_glass":1,"minecraft:granite":306,"minecraft:dark_oak_planks":54,"minecraft:wooden_axe":90,"minecraft:stone_brick_slab":2,"minecraft:bookshelf":50,"minecraft:red_tulip":1,"minecraft:light_gray_stained_glass":1,"minecraft:oak_stairs":24,"minecraft:polished_blackstone_brick_stairs":46,"minecraft:soul_soil":8,"minecraft:minecart":47,"minecraft:netherite_pickaxe":51835,"minecraft:cooked_beef":268,"minecraft:pumpkin":52,"minecraft:cooked_mutton":6,"minecraft:quartz_bricks":196,"minecraft:pink_tulip":1,"minecraft:iron_ore":3,"minecraft:cobblestone_stairs":144,"minecraft:glass_bottle":5,"minecraft:baked_potato":899,"minecraft:andesite_slab":361,"minecraft:spruce_sign":13,"minecraft:magenta_stained_glass":78,"minecraft:beacon":4,"minecraft:stonecutter":3,"minecraft:cobblestone_slab":807,"minecraft:painting":2,"minecraft:dark_oak_door":2,"minecraft:smoker":7,"minecraft:nether_gold_ore":1,"minecraft:piston":116,"minecraft:wooden_hoe":31,"minecraft:activator_rail":10,"minecraft:apple":2,"minecraft:netherite_axe":1674,"minecraft:lapis_ore":2,"minecraft:stone_slab":913,"minecraft:stone_axe":416,"minecraft:end_crystal":4,"minecraft:white_banner":26,"minecraft:bucket":864,"minecraft:smooth_stone":23,"minecraft:splash_potion":1},"minecraft:broken":{"minecraft:golden_boots":1,"minecraft:shears":1,"minecraft:iron_chestplate":1,"minecraft:chainmail_boots":2,"minecraft:golden_sword":4,"minecraft:iron_sword":1,"minecraft:leather_helmet":2,"minecraft:stone_sword":7,"minecraft:chainmail_helmet":1,"minecraft:stone_hoe":2,"minecraft:iron_axe":3,"minecraft:iron_pickaxe":5,"minecraft:wooden_hoe":1,"minecraft:golden_helmet":1,"minecraft:leather_leggings":1,"minecraft:golden_leggings":1,"minecraft:stone_pickaxe":4,"minecraft:stone_axe":3,"minecraft:wooden_axe":1,"minecraft:stone_shovel":1,"minecraft:leather_chestplate":1,"minecraft:leather_boots":1},"minecraft:mined":{"minecraft:dark_oak_planks":93,"minecraft:dragon_wall_head":1,"minecraft:blackstone_stairs":1,"minecraft:white_bed":49,"minecraft:obsidian":489,"minecraft:carved_pumpkin":36,"minecraft:granite":1132,"minecraft:chiseled_polished_blackstone":1,"minecraft:acacia_log":14,"minecraft:stone_brick_wall":2,"minecraft:horn_coral_fan":1,"minecraft:oxeye_daisy":4,"minecraft:hopper":22,"minecraft:crimson_fungus":1,"minecraft:oak_wall_sign":17,"minecraft:nether_wart":33,"minecraft:chiseled_stone_bricks":1,"minecraft:spawner":1,"minecraft:light_blue_stained_glass":1,"minecraft:chorus_flower":2,"minecraft:polished_blackstone_bricks":1,"minecraft:tall_seagrass":4,"minecraft:magma_block":48,"minecraft:dark_oak_trapdoor":27,"minecraft:sticky_piston":3,"minecraft:fire":197,"minecraft:pumpkin":178,"minecraft:granite_slab":1,"minecraft:fletching_table":2,"minecraft:nether_brick_stairs":1,"minecraft:enchanting_table":2,"minecraft:oak_sign":1,"minecraft:pink_tulip":1,"minecraft:white_banner":1,"minecraft:iron_block":235,"minecraft:tripwire":1,"minecraft:kelp_plant":24,"minecraft:smoker":1,"minecraft:soul_fire":3,"minecraft:blue_stained_glass":66,"minecraft:torch":99,"minecraft:note_block":1,"minecraft:melon":207,"minecraft:dead_bush":3,"minecraft:nether_brick_slab":2,"minecraft:spruce_wall_sign":3,"minecraft:glass":282,"minecraft:tube_coral_fan":2,"minecraft:dead_tube_coral_fan":2,"minecraft:sugar_cane":2465,"minecraft:spruce_sign":2,"minecraft:birch_sapling":1,"minecraft:repeater":13,"minecraft:light_gray_stained_glass":1,"minecraft:wheat":2030,"minecraft:lilac":10,"minecraft:jukebox":1,"minecraft:pumpkin_stem":21,"minecraft:black_bed":6,"minecraft:warped_fungus":3,"minecraft:stone_brick_stairs":5,"minecraft:grass":464,"minecraft:oak_fence_gate":36,"minecraft:blue_shulker_box":298,"minecraft:stonecutter":2,"minecraft:piston":76,"minecraft:attached_pumpkin_stem":3,"minecraft:mossy_cobblestone":37,"minecraft:dark_oak_log":196,"minecraft:end_stone":35,"minecraft:nether_bricks":14,"minecraft:dark_oak_fence":1,"minecraft:redstone_wire":72,"minecraft:kelp":167,"minecraft:horn_coral_wall_fan":5,"minecraft:pink_wool":8,"minecraft:redstone_ore":442,"minecraft:andesite":1629,"minecraft:potatoes":1112,"minecraft:cobblestone_slab":30,"minecraft:rail":905,"minecraft:brain_coral_wall_fan":1,"minecraft:bamboo_sapling":2,"minecraft:bamboo":20,"minecraft:brain_coral":1,"minecraft:ender_chest":101,"minecraft:smithing_table":1,"minecraft:oak_slab":1,"minecraft:redstone_block":19,"minecraft:comparator":1,"minecraft:soul_sand":156,"minecraft:observer":17,"minecraft:dandelion":13,"minecraft:polished_blackstone_brick_wall":2,"minecraft:cornflower":18,"minecraft:dropper":4,"minecraft:tall_grass":55,"minecraft:diorite":1257,"minecraft:white_carpet":5,"minecraft:spruce_log":44,"minecraft:birch_leaves":46,"minecraft:dark_oak_sign":1,"minecraft:dark_oak_button":1,"minecraft:sunflower":77,"minecraft:gravel":2178,"minecraft:cobweb":140,"minecraft:polished_blackstone":3,"minecraft:oak_button":1,"minecraft:stone_bricks":169,"minecraft:gold_ore":103,"minecraft:oak_sapling":12,"minecraft:farmland":46,"minecraft:cobblestone_stairs":8,"minecraft:brewing_stand":1,"minecraft:grass_block":1513,"minecraft:soul_soil":11,"minecraft:polished_diorite":6,"minecraft:composter":15,"minecraft:smooth_stone":17,"minecraft:glowstone":2,"minecraft:iron_ore":551,"minecraft:azure_bluet":8,"minecraft:red_tulip":1,"minecraft:iron_bars":1,"minecraft:birch_wall_sign":2,"minecraft:granite_stairs":1,"minecraft:quartz_block":22,"minecraft:blackstone":385,"minecraft:purpur_stairs":1,"minecraft:poppy":10,"minecraft:beacon":4,"minecraft:chest":25,"minecraft:nether_quartz_ore":640,"minecraft:cobblestone":1727,"minecraft:slime_block":2,"minecraft:oak_planks":76,"minecraft:wall_torch":72,"minecraft:seagrass":4,"minecraft:fire_coral_fan":1,"minecraft:warped_nylium":8,"minecraft:powered_rail":81,"minecraft:acacia_sapling":1,"minecraft:dark_oak_slab":48,"minecraft:dark_oak_door":2,"minecraft:birch_log":82,"minecraft:activator_rail":9,"minecraft:tnt":5,"minecraft:smooth_stone_slab":18,"minecraft:oak_log":1150,"minecraft:sand":194,"minecraft:dirt":2317,"minecraft:infested_cracked_stone_bricks":1,"minecraft:dispenser":1,"minecraft:netherrack":26631,"minecraft:ancient_debris":83,"minecraft:oak_leaves":472,"minecraft:nether_gold_ore":356,"minecraft:diamond_ore":122,"minecraft:dark_oak_leaves":1,"minecraft:lever":10,"minecraft:ladder":71,"minecraft:tube_coral_wall_fan":5,"minecraft:stone_button":12,"minecraft:spruce_leaves":246,"minecraft:sandstone":13,"minecraft:diorite_slab":2,"minecraft:oak_trapdoor":25,"minecraft:spruce_sapling":1,"minecraft:furnace":14,"minecraft:carrots":16,"minecraft:polished_basalt":1,"minecraft:dark_oak_fence_gate":1,"minecraft:gold_block":27,"minecraft:bell":2,"minecraft:bookshelf":35,"minecraft:chorus_plant":4,"minecraft:white_tulip":1,"minecraft:stone":20307,"minecraft:redstone_wall_torch":11,"minecraft:podzol":11,"minecraft:acacia_leaves":19,"minecraft:scaffolding":5,"minecraft:magenta_stained_glass":6,"minecraft:infested_stone_bricks":3,"minecraft:basalt":298,"minecraft:oak_fence":89,"minecraft:crafting_table":167,"minecraft:andesite_slab":13,"minecraft:lectern":19,"minecraft:stone_slab":23,"minecraft:quartz_bricks":10,"minecraft:lapis_ore":41,"minecraft:lily_pad":3,"minecraft:birch_planks":56,"minecraft:redstone_torch":99,"minecraft:sweet_berry_bush":37,"minecraft:white_wall_banner":2,"minecraft:bee_nest":2,"minecraft:grass_path":1,"minecraft:coal_ore":814,"minecraft:end_rod":2,"minecraft:bubble_coral_wall_fan":2},"minecraft:killed_by":{"minecraft:zombie_villager":2,"minecraft:ravager":1,"minecraft:zombie":3,"minecraft:vex":3,"minecraft:evoker":2,"minecraft:creeper":9,"minecraft:cave_spider":1,"minecraft:player":1,"minecraft:spider":1,"minecraft:enderman":2,"minecraft:iron_golem":1,"minecraft:skeleton":6,"minecraft:phantom":1},"minecraft:dropped":{"minecraft:iron_sword":3,"minecraft:piston":1,"minecraft:cooked_beef":15,"minecraft:glass_bottle":2,"minecraft:diamond":10,"minecraft:dark_oak_slab":58,"minecraft:crossbow":5,"minecraft:warped_roots":1,"minecraft:saddle":1,"minecraft:elytra":3,"minecraft:rail":20,"minecraft:leather_helmet":2,"minecraft:gold_block":33,"minecraft:emerald":45,"minecraft:dirt":784,"minecraft:gold_nugget":3,"minecraft:bone_meal":160,"minecraft:sunflower":6,"minecraft:phantom_membrane":19,"minecraft:sand":6,"minecraft:dark_oak_planks":1,"minecraft:bone":8090,"minecraft:brain_coral_fan":1,"minecraft:sugar_cane":22,"minecraft:ancient_debris":1,"minecraft:golden_chestplate":2,"minecraft:nether_brick":19,"minecraft:wheat":5,"minecraft:netherite_sword":3,"minecraft:obsidian":1,"minecraft:rotten_flesh":507,"minecraft:oak_planks":2,"minecraft:pink_carpet":4,"minecraft:quartz_bricks":5,"minecraft:azure_bluet":2,"minecraft:coal_ore":2,"minecraft:leather_boots":17,"minecraft:acacia_sapling":1,"minecraft:ladder":27,"minecraft:leather_leggings":18,"minecraft:beef":4,"minecraft:stone_brick_stairs":1,"minecraft:lectern":1,"minecraft:enchanted_book":12,"minecraft:golden_boots":4,"minecraft:iron_ingot":43,"minecraft:netherite_pickaxe":3,"minecraft:wheat_seeds":1204,"minecraft:netherite_helmet":1,"minecraft:iron_helmet":3,"minecraft:oak_fence":11,"minecraft:feather":3,"minecraft:cobblestone":949,"minecraft:book":4,"minecraft:apple":5,"minecraft:granite":234,"minecraft:coal":2,"minecraft:oxeye_daisy":2,"minecraft:ink_sac":1,"minecraft:potion":2,"minecraft:pumpkin":3,"minecraft:white_banner":1,"minecraft:string":69,"minecraft:redstone_ore":3,"minecraft:soul_soil":27,"minecraft:netherite_ingot":2,"minecraft:polished_diorite_slab":3,"minecraft:stone_sword":2,"minecraft:chicken":3,"minecraft:white_carpet":3,"minecraft:iron_boots":3,"minecraft:oak_sign":2,"minecraft:shears":6,"minecraft:diamond_sword":4,"minecraft:potato":1070,"minecraft:cobblestone_slab":1,"minecraft:stone":1147,"minecraft:carved_pumpkin":2,"minecraft:spider_eye":45,"minecraft:stone_bricks":13,"minecraft:bamboo":2,"minecraft:sandstone":12,"minecraft:bow":105,"minecraft:magma_block":69,"minecraft:soul_sand":5,"minecraft:birch_planks":1,"minecraft:diamond_axe":2,"minecraft:baked_potato":96,"minecraft:ender_pearl":1215,"minecraft:leather":9,"minecraft:flint":100,"minecraft:polished_blackstone_brick_stairs":39,"minecraft:cornflower":1,"minecraft:gold_ingot":1,"minecraft:gravel":3,"minecraft:blackstone":101,"minecraft:diorite_stairs":4,"minecraft:carrot":39,"minecraft:poppy":11,"minecraft:leather_chestplate":11,"minecraft:gunpowder":3,"minecraft:beetroot_seeds":2,"minecraft:horn_coral_fan":3,"minecraft:fire_coral_fan":1,"minecraft:chest":4,"minecraft:chainmail_boots":1,"minecraft:powered_rail":14,"minecraft:iron_ore":8,"minecraft:basalt":89,"minecraft:iron_bars":1,"minecraft:arrow":4212,"minecraft:scaffolding":15,"minecraft:quartz":177,"minecraft:netherrack":6078,"minecraft:firework_rocket":20,"minecraft:stone_hoe":1,"minecraft:water_bucket":1,"minecraft:bread":16,"minecraft:golden_helmet":3,"minecraft:mossy_cobblestone":26,"minecraft:poisonous_potato":7,"minecraft:lead":3,"minecraft:observer":1,"minecraft:stick":10,"minecraft:diorite":285,"minecraft:fire_charge":5,"minecraft:iron_leggings":1,"minecraft:granite_slab":1,"minecraft:bucket":1,"minecraft:dandelion":3,"minecraft:redstone":1,"minecraft:kelp":3,"minecraft:dragon_head":1,"minecraft:blaze_rod":6,"minecraft:ender_eye":1,"minecraft:totem_of_undying":6,"minecraft:shield":2,"minecraft:diamond_chestplate":2,"minecraft:dragon_egg":2,"minecraft:iron_chestplate":2,"minecraft:andesite":425,"minecraft:golden_leggings":2,"minecraft:oak_sapling":29,"minecraft:brain_coral":1,"minecraft:spruce_log":15,"minecraft:slime_ball":55},"minecraft:crafted":{"minecraft:ender_chest":12,"minecraft:black_dye":3,"minecraft:smooth_stone":21,"minecraft:oak_sign":30,"minecraft:blaze_powder":22,"minecraft:slime_block":44,"minecraft:diorite_stairs":4,"minecraft:lever":5,"minecraft:diamond_shovel":2,"minecraft:nether_brick":176,"minecraft:bookshelf":15,"minecraft:cooked_mutton":5,"minecraft:iron_bars":16,"minecraft:glass":118,"minecraft:quartz_block":196,"minecraft:diamond_helmet":1,"minecraft:repeater":30,"minecraft:diamond_leggings":1,"minecraft:melon_seeds":24,"minecraft:birch_fence_gate":4,"minecraft:stone_pressure_plate":1,"minecraft:iron_door":3,"minecraft:dried_kelp_block":208,"minecraft:black_wool":3,"minecraft:magenta_dye":10,"minecraft:name_tag":3,"minecraft:blue_stained_glass":48,"minecraft:emerald":1005,"minecraft:diamond_axe":1,"minecraft:acacia_slab":12,"minecraft:smithing_table":1,"minecraft:sticky_piston":45,"minecraft:fletching_table":2,"minecraft:oak_wood":27,"minecraft:stone_slab":894,"minecraft:iron_pickaxe":8,"minecraft:iron_block":248,"minecraft:gold_ingot":625,"minecraft:light_gray_dye":1,"minecraft:netherite_ingot":18,"minecraft:composter":4,"minecraft:stone_shovel":2,"minecraft:smooth_stone_slab":12,"minecraft:iron_nugget":37,"minecraft:bone_meal":2797,"minecraft:white_carpet":33,"minecraft:detector_rail":6,"minecraft:ladder":36,"minecraft:stone_pickaxe":4,"minecraft:diamond_boots":1,"minecraft:redstone_block":125,"minecraft:dark_oak_planks":788,"minecraft:golden_helmet":1,"minecraft:enchanting_table":1,"minecraft:magenta_stained_glass":80,"minecraft:glowstone":1,"minecraft:enchanted_book":45,"minecraft:oak_fence_gate":86,"minecraft:andesite_slab":348,"minecraft:wooden_axe":2,"minecraft:oak_stairs":24,"minecraft:birch_trapdoor":2,"minecraft:iron_shovel":5,"minecraft:iron_leggings":2,"minecraft:white_bed":23,"minecraft:note_block":1,"minecraft:grindstone":7,"minecraft:oak_planks":4244,"minecraft:cobblestone_slab":774,"minecraft:dark_oak_boat":1,"minecraft:stone":216,"minecraft:cobblestone_stairs":136,"minecraft:pink_carpet":3,"minecraft:hopper":53,"minecraft:bow":1,"minecraft:iron_boots":2,"minecraft:blackstone_wall":6,"minecraft:comparator":2,"minecraft:chest":144,"minecraft:polished_basalt":28,"minecraft:oak_button":2,"minecraft:stone_hoe":6,"minecraft:ender_eye":20,"minecraft:stone_bricks":240,"minecraft:oak_fence":132,"minecraft:granite_stairs":12,"minecraft:smoker":6,"minecraft:dropper":5,"minecraft:oak_slab":36,"minecraft:crafting_table":9,"minecraft:spruce_planks":100,"minecraft:iron_helmet":2,"minecraft:wooden_pickaxe":4,"minecraft:baked_potato":1268,"minecraft:gold_block":35,"minecraft:hopper_minecart":8,"minecraft:birch_planks":324,"minecraft:pumpkin_seeds":4,"minecraft:dispenser":2,"minecraft:tnt":16,"minecraft:book":195,"minecraft:iron_chestplate":2,"minecraft:paper":5511,"minecraft:diamond_pickaxe":6,"minecraft:emerald_block":22,"minecraft:shield":4,"minecraft:birch_fence":9,"minecraft:stick":3964,"minecraft:iron_ingot":759,"minecraft:stone_sword":7,"minecraft:black_bed":1,"minecraft:redstone_torch":81,"minecraft:dark_oak_fence_gate":9,"minecraft:shears":68,"minecraft:nether_brick_slab":84,"minecraft:redstone":72,"minecraft:furnace":12,"minecraft:stone_button":2,"minecraft:blast_furnace":4,"minecraft:piston":87,"minecraft:oak_trapdoor":402,"minecraft:flint_and_steel":2,"minecraft:scaffolding":108,"minecraft:iron_axe":7,"minecraft:slime_ball":9,"minecraft:cobblestone_wall":6,"minecraft:honey_block":11,"minecraft:netherite_scrap":69,"minecraft:blackstone_stairs":24,"minecraft:birch_sign":12,"minecraft:minecart":2,"minecraft:observer":30,"minecraft:cooked_beef":205,"minecraft:diamond_sword":7,"minecraft:dark_oak_stairs":8,"minecraft:iron_trapdoor":1,"minecraft:spruce_sign":6,"minecraft:powered_rail":30,"minecraft:iron_sword":2,"minecraft:nether_bricks":42,"minecraft:cooked_salmon":1,"minecraft:bucket":11,"minecraft:stone_axe":4,"minecraft:air":0,"minecraft:bread":278,"minecraft:blue_dye":15,"minecraft:oak_boat":6,"minecraft:white_wool":2,"minecraft:gold_nugget":88,"minecraft:stonecutter":1,"minecraft:anvil":5,"minecraft:acacia_planks":56,"minecraft:torch":360,"minecraft:diorite_slab":156,"minecraft:end_crystal":4,"minecraft:granite_slab":96,"minecraft:lapis_lazuli":414,"minecraft:lapis_block":46,"minecraft:diamond_chestplate":1,"minecraft:firework_rocket":1540}},"DataVersion":2567}