{"stats":{"minecraft:custom":{"minecraft:interact_with_crafting_table":70,"minecraft:open_barrel":1,"minecraft:open_shulker_box":12,"minecraft:leave_game":42,"minecraft:time_since_death":5048,"minecraft:damage_resisted":144,"minecraft:sprint_one_cm":2566623,"minecraft:damage_blocked_by_shield":348,"minecraft:drop":423,"minecraft:talked_to_villager":26,"minecraft:deaths":7,"minecraft:jump":17620,"minecraft:walk_on_water_one_cm":146983,"minecraft:enchant_item":9,"minecraft:interact_with_furnace":113,"minecraft:play_record":1,"minecraft:traded_with_villager":9,"minecraft:play_one_minute":1131110,"minecraft:sleep_in_bed":55,"minecraft:open_enderchest":23,"minecraft:damage_dealt":13683,"minecraft:crouch_one_cm":194696,"minecraft:interact_with_smoker":4,"minecraft:horse_one_cm":1624276,"minecraft:mob_kills":182,"minecraft:interact_with_anvil":23,"minecraft:inspect_hopper":4,"minecraft:climb_one_cm":29135,"minecraft:walk_one_cm":2755099,"minecraft:sneak_time":64347,"minecraft:walk_under_water_one_cm":235346,"minecraft:interact_with_blast_furnace":8,"minecraft:interact_with_grindstone":3,"minecraft:interact_with_stonecutter":11,"minecraft:time_since_rest":5106,"minecraft:damage_taken":9806,"minecraft:minecart_one_cm":77026,"minecraft:swim_one_cm":215979,"minecraft:fly_one_cm":4059735,"minecraft:open_chest":845,"minecraft:fall_one_cm":237552},"minecraft:picked_up":{"minecraft:seagrass":3,"minecraft:iron_chestplate":1,"minecraft:wheat":210,"minecraft:anvil":4,"minecraft:diamond_sword":4,"minecraft:nether_brick":16,"minecraft:stone_brick_stairs":150,"minecraft:golden_sword":2,"minecraft:music_disc_cat":1,"minecraft:string":9,"minecraft:iron_leggings":5,"minecraft:gold_nugget":94,"minecraft:smooth_stone":5,"minecraft:dark_oak_leaves":1060,"minecraft:redstone_torch":15,"minecraft:iron_pickaxe":5,"minecraft:dark_oak_door":3,"minecraft:furnace":1,"minecraft:iron_boots":1,"minecraft:golden_helmet":2,"minecraft:stick":14,"minecraft:torch":27,"minecraft:diorite":138,"minecraft:golden_chestplate":1,"minecraft:quartz_block":124,"minecraft:nether_gold_ore":6,"minecraft:rotten_flesh":17,"minecraft:obsidian":1,"minecraft:cobblestone":1796,"minecraft:birch_log":9,"minecraft:magma_block":62,"minecraft:feather":2,"minecraft:cooked_beef":100,"minecraft:magma_cream":3,"minecraft:water_bucket":1,"minecraft:andesite":100,"minecraft:golden_leggings":1,"minecraft:potato":293,"minecraft:flint":13,"minecraft:lantern":7,"minecraft:lapis_lazuli":75,"minecraft:dirt":3410,"minecraft:bone":15,"minecraft:stonecutter":1,"minecraft:bow":2,"minecraft:wheat_seeds":690,"minecraft:glowstone_dust":184,"minecraft:powered_rail":58,"minecraft:poisonous_potato":1,"minecraft:black_stained_glass_pane":402,"minecraft:sand":743,"minecraft:ink_sac":18,"minecraft:grass_block":1,"minecraft:dark_oak_log":369,"minecraft:spruce_boat":1,"minecraft:diamond":25,"minecraft:granite":60,"minecraft:golden_apple":1,"minecraft:bread":13,"minecraft:oak_sapling":5,"minecraft:netherrack":1713,"minecraft:dark_oak_fence":11,"minecraft:diamond_pickaxe":6,"minecraft:oak_leaves":517,"minecraft:crimson_roots":1,"minecraft:spruce_leaves":50,"minecraft:crafting_table":1,"minecraft:azure_bluet":2,"minecraft:splash_potion":2,"minecraft:chicken":1,"minecraft:stone_brick_wall":111,"minecraft:chain":1,"minecraft:shield":1,"minecraft:elytra":1,"minecraft:iron_axe":3,"minecraft:item_frame":11,"minecraft:quartz_slab":5,"minecraft:iron_shovel":3,"minecraft:blackstone":6,"minecraft:beef":38,"minecraft:poppy":8,"minecraft:minecart":6,"minecraft:quartz_stairs":13,"minecraft:chest":1,"minecraft:dark_oak_sapling":2,"minecraft:black_stained_glass":21,"minecraft:stone":483,"minecraft:redstone":366,"minecraft:netherite_pickaxe":4,"minecraft:dark_oak_planks":31,"minecraft:tnt":21,"minecraft:arrow":144,"minecraft:diamond_chestplate":1,"minecraft:shears":2,"minecraft:diamond_boots":1,"minecraft:totem_of_undying":3,"minecraft:gold_ingot":2,"minecraft:white_wool":39,"minecraft:rail":226,"minecraft:oxeye_daisy":1,"minecraft:birch_leaves":1,"minecraft:salmon":4,"minecraft:leather":78,"minecraft:birch_planks":15,"minecraft:oak_log":73,"minecraft:ancient_debris":5,"minecraft:lily_pad":4,"minecraft:golden_boots":1,"minecraft:gunpowder":5,"minecraft:cobblestone_stairs":32,"minecraft:iron_ingot":167,"minecraft:iron_ore":128,"minecraft:dark_oak_stairs":16,"minecraft:soul_sand":14,"minecraft:iron_sword":3,"minecraft:oak_slab":6,"minecraft:nether_quartz_ore":2,"minecraft:warped_fungus":1,"minecraft:emerald_block":2,"minecraft:sweet_berries":3,"minecraft:chiseled_stone_bricks":104,"minecraft:stone_brick_slab":72,"minecraft:quartz":1558,"minecraft:dandelion":9,"minecraft:gravel":102,"minecraft:white_bed":3,"minecraft:gold_ore":5,"minecraft:spider_eye":3,"minecraft:leather_helmet":1,"minecraft:firework_rocket":11,"minecraft:diamond_shovel":13,"minecraft:coal_ore":1,"minecraft:iron_helmet":5,"minecraft:diamond_axe":1,"minecraft:baked_potato":87,"minecraft:melon_seeds":2,"minecraft:coal":149,"minecraft:ender_pearl":1},"minecraft:killed":{"minecraft:zombified_piglin":1,"minecraft:spider":8,"minecraft:skeleton":91,"minecraft:chicken":1,"minecraft:salmon":6,"minecraft:creeper":8,"minecraft:zombie":28,"minecraft:ghast":5,"minecraft:cow":21,"minecraft:hoglin":1,"minecraft:squid":9},"minecraft:used":{"minecraft:iron_shovel":767,"minecraft:chest":23,"minecraft:shield":7,"minecraft:iron_sword":125,"minecraft:stone":224,"minecraft:quartz_stairs":51,"minecraft:spruce_leaves":4,"minecraft:glass":1,"minecraft:coal_ore":1,"minecraft:black_stained_glass_pane":228,"minecraft:quartz_slab":5,"minecraft:lantern":24,"minecraft:grass_block":1,"minecraft:quartz_block":467,"minecraft:dark_oak_leaves":5,"minecraft:stone_brick_stairs":126,"minecraft:stone_bricks":210,"minecraft:bow":105,"minecraft:warped_fungus":1,"minecraft:oak_sapling":1,"minecraft:furnace":9,"minecraft:potato":91,"minecraft:dark_oak_stairs":64,"minecraft:diorite":27,"minecraft:powered_rail":58,"minecraft:ender_pearl":1,"minecraft:diamond_axe":410,"minecraft:oak_leaves":376,"minecraft:sand":2,"minecraft:crossbow":1,"minecraft:stone_brick_wall":260,"minecraft:shears":1746,"minecraft:redstone_torch":27,"minecraft:stone_button":2,"minecraft:string":2,"minecraft:bread":34,"minecraft:diamond_sword":111,"minecraft:dark_oak_fence":44,"minecraft:poisonous_potato":1,"minecraft:chain":1,"minecraft:cooked_salmon":3,"minecraft:netherrack":341,"minecraft:torch":100,"minecraft:dirt":2394,"minecraft:anvil":5,"minecraft:nether_quartz_ore":2,"minecraft:stone_brick_slab":283,"minecraft:dark_oak_planks":287,"minecraft:iron_axe":222,"minecraft:totem_of_undying":1,"minecraft:glowstone":1,"minecraft:beef":4,"minecraft:black_stained_glass":39,"minecraft:netherite_pickaxe":521,"minecraft:minecart":4,"minecraft:cooked_beef":57,"minecraft:wheat_seeds":205,"minecraft:water_bucket":104,"minecraft:iron_ore":6,"minecraft:cobblestone_stairs":28,"minecraft:birch_planks":5,"minecraft:baked_potato":101,"minecraft:stonecutter":2,"minecraft:salmon":1,"minecraft:rail":139,"minecraft:music_disc_cat":1,"minecraft:oak_slab":3,"minecraft:tnt":21,"minecraft:crafting_table":3,"minecraft:white_bed":4,"minecraft:dark_oak_door":9,"minecraft:nether_gold_ore":6,"minecraft:diamond_pickaxe":1665,"minecraft:diamond_shovel":2967,"minecraft:iron_pickaxe":3234,"minecraft:chiseled_stone_bricks":113,"minecraft:cobblestone":297,"minecraft:bucket":105,"minecraft:splash_potion":1,"minecraft:smooth_stone":5},"minecraft:broken":{"minecraft:golden_helmet":2,"minecraft:iron_shovel":2,"minecraft:diamond_helmet":1,"minecraft:shears":7,"minecraft:shield":1,"minecraft:iron_axe":1,"minecraft:iron_pickaxe":1},"minecraft:mined":{"minecraft:dark_oak_planks":26,"minecraft:white_bed":3,"minecraft:farmland":30,"minecraft:cobblestone_stairs":32,"minecraft:granite":68,"minecraft:grass_block":1618,"minecraft:stone_brick_wall":61,"minecraft:chiseled_stone_bricks":40,"minecraft:smooth_stone":5,"minecraft:tall_seagrass":4,"minecraft:magma_block":41,"minecraft:glowstone":59,"minecraft:iron_ore":130,"minecraft:fire":19,"minecraft:anvil":4,"minecraft:dark_oak_stairs":16,"minecraft:quartz_slab":5,"minecraft:tripwire":2,"minecraft:quartz_block":121,"minecraft:blackstone":7,"minecraft:crimson_nylium":2,"minecraft:torch":8,"minecraft:chest":1,"minecraft:glass":1,"minecraft:nether_quartz_ore":895,"minecraft:cobblestone":79,"minecraft:wall_torch":3,"minecraft:seagrass":6,"minecraft:chain":1,"minecraft:powered_rail":48,"minecraft:dark_oak_door":4,"minecraft:birch_log":14,"minecraft:wheat":215,"minecraft:tnt":4,"minecraft:warped_fungus":1,"minecraft:stone_brick_stairs":58,"minecraft:grass":76,"minecraft:oak_log":75,"minecraft:sand":633,"minecraft:dirt":1147,"minecraft:red_mushroom_block":1,"minecraft:stonecutter":1,"minecraft:netherrack":1092,"minecraft:ancient_debris":5,"minecraft:oak_leaves":581,"minecraft:nether_gold_ore":21,"minecraft:diamond_ore":5,"minecraft:quartz_stairs":7,"minecraft:dark_oak_leaves":1188,"minecraft:dark_oak_log":359,"minecraft:dark_oak_fence":11,"minecraft:spruce_leaves":27,"minecraft:black_stained_glass_pane":3,"minecraft:redstone_ore":85,"minecraft:furnace":1,"minecraft:andesite":99,"minecraft:potatoes":79,"minecraft:rail":223,"minecraft:lantern":1,"minecraft:stone":1906,"minecraft:oak_slab":3,"minecraft:stone_brick_slab":25,"minecraft:crafting_table":1,"minecraft:tall_grass":7,"minecraft:lapis_ore":11,"minecraft:lily_pad":4,"minecraft:diorite":137,"minecraft:black_stained_glass":12,"minecraft:birch_planks":5,"minecraft:redstone_torch":14,"minecraft:sweet_berry_bush":1,"minecraft:birch_leaves":2,"minecraft:grass_path":93,"minecraft:coal_ore":139,"minecraft:gravel":79,"minecraft:gold_ore":11},"minecraft:killed_by":{"minecraft:creeper":1,"minecraft:player":1},"minecraft:dropped":{"minecraft:birch_planks":1,"minecraft:cooked_beef":43,"minecraft:diamond":3,"minecraft:leather":43,"minecraft:elytra":1,"minecraft:leather_helmet":1,"minecraft:item_frame":11,"minecraft:flint":3,"minecraft:spruce_leaves":46,"minecraft:dirt":421,"minecraft:sand":292,"minecraft:white_wool":36,"minecraft:gold_ingot":4,"minecraft:bone":3,"minecraft:gravel":40,"minecraft:obsidian":1,"minecraft:diamond_shovel":3,"minecraft:azure_bluet":2,"minecraft:poppy":3,"minecraft:arrow":2,"minecraft:beef":2,"minecraft:stone_brick_stairs":45,"minecraft:netherrack":910,"minecraft:firework_rocket":11,"minecraft:water_bucket":1,"minecraft:iron_ingot":49,"minecraft:netherite_pickaxe":3,"minecraft:wheat_seeds":12,"minecraft:birch_leaves":1,"minecraft:iron_helmet":1,"minecraft:cobblestone":515,"minecraft:granite":34,"minecraft:oxeye_daisy":1,"minecraft:dark_oak_leaves":64,"minecraft:diorite":20,"minecraft:dandelion":2,"minecraft:redstone":128,"minecraft:iron_boots":1,"minecraft:potato":1,"minecraft:iron_chestplate":1,"minecraft:diamond_pickaxe":4,"minecraft:andesite":25,"minecraft:spider_eye":3,"minecraft:bow":1},"minecraft:crafted":{"minecraft:black_dye":21,"minecraft:oak_planks":292,"minecraft:diamond_shovel":1,"minecraft:nether_brick":8,"minecraft:glass":198,"minecraft:dark_oak_door":6,"minecraft:quartz_block":389,"minecraft:iron_boots":1,"minecraft:chest":22,"minecraft:quartz_stairs":4,"minecraft:emerald":9,"minecraft:diamond_axe":2,"minecraft:crafting_table":2,"minecraft:iron_helmet":1,"minecraft:baked_potato":174,"minecraft:birch_planks":36,"minecraft:tnt":17,"minecraft:iron_chestplate":1,"minecraft:diamond_pickaxe":2,"minecraft:stick":424,"minecraft:iron_ingot":185,"minecraft:iron_pickaxe":2,"minecraft:iron_block":3,"minecraft:gold_ingot":11,"minecraft:redstone_torch":45,"minecraft:shears":6,"minecraft:iron_nugget":855,"minecraft:furnace":8,"minecraft:stone_button":2,"minecraft:lantern":106,"minecraft:dark_oak_fence":33,"minecraft:iron_axe":1,"minecraft:dark_oak_planks":1102,"minecraft:diamond_sword":1,"minecraft:dark_oak_stairs":48,"minecraft:cooked_salmon":3,"minecraft:glowstone":44,"minecraft:bread":85,"minecraft:air":0,"minecraft:black_stained_glass":168,"minecraft:black_stained_glass_pane":304,"minecraft:iron_shovel":3,"minecraft:stonecutter":1,"minecraft:iron_leggings":1,"minecraft:anvil":1,"minecraft:white_bed":1,"minecraft:torch":152}},"DataVersion":2567}