{"stats":{"minecraft:custom":{"minecraft:interact_with_crafting_table":173,"minecraft:bell_ring":144,"minecraft:leave_game":20,"minecraft:time_since_death":109082,"minecraft:sprint_one_cm":2567389,"minecraft:damage_blocked_by_shield":8470,"minecraft:drop":182,"minecraft:talked_to_villager":49,"minecraft:deaths":40,"minecraft:jump":13641,"minecraft:interact_with_brewingstand":8,"minecraft:walk_on_water_one_cm":218637,"minecraft:interact_with_furnace":344,"minecraft:traded_with_villager":31,"minecraft:interact_with_cartography_table":1,"minecraft:play_one_minute":1146013,"minecraft:sleep_in_bed":25,"minecraft:damage_dealt":77666,"minecraft:player_kills":2,"minecraft:crouch_one_cm":150062,"minecraft:interact_with_smoker":18,"minecraft:horse_one_cm":6349,"minecraft:interact_with_smithing_table":9,"minecraft:mob_kills":577,"minecraft:climb_one_cm":1343,"minecraft:walk_one_cm":2840200,"minecraft:sneak_time":57263,"minecraft:walk_under_water_one_cm":53740,"minecraft:interact_with_blast_furnace":12,"minecraft:pot_flower":1,"minecraft:interact_with_stonecutter":8,"minecraft:interact_with_grindstone":3,"minecraft:time_since_rest":109146,"minecraft:damage_taken":31286,"minecraft:damage_absorbed":40,"minecraft:minecart_one_cm":54111,"minecraft:swim_one_cm":52372,"minecraft:fly_one_cm":1940847,"minecraft:open_chest":218,"minecraft:fall_one_cm":320016},"minecraft:killed":{"minecraft:cave_spider":333,"minecraft:spider":16,"minecraft:skeleton":29,"minecraft:chicken":3,"minecraft:silverfish":14,"minecraft:pig":16,"minecraft:zombie_villager":3,"minecraft:salmon":23,"minecraft:creeper":3,"minecraft:sheep":6,"minecraft:zombie":94,"minecraft:cow":18,"minecraft:phantom":4,"minecraft:horse":1,"minecraft:husk":5,"minecraft:squid":1},"minecraft:broken":{"minecraft:iron_shovel":2,"minecraft:iron_chestplate":1,"minecraft:iron_leggings":1,"minecraft:stone_axe":1,"minecraft:iron_sword":10,"minecraft:bow":1,"minecraft:wooden_pickaxe":1,"minecraft:shield":3,"minecraft:iron_axe":2,"minecraft:iron_pickaxe":23,"minecraft:iron_helmet":2},"minecraft:crafted":{"minecraft:oak_planks":68,"minecraft:smooth_stone":33,"minecraft:cobblestone_slab":12,"minecraft:stone":1087,"minecraft:lever":17,"minecraft:cooked_mutton":4,"minecraft:iron_bars":16,"minecraft:dark_oak_door":3,"minecraft:glass":22,"minecraft:stone_brick_slab":72,"minecraft:bow":1,"minecraft:iron_boots":5,"minecraft:stone_pressure_plate":10,"minecraft:chest":6,"minecraft:stone_hoe":1,"minecraft:stone_bricks":684,"minecraft:emerald":29,"minecraft:cooked_porkchop":15,"minecraft:crafting_table":13,"minecraft:spruce_planks":72,"minecraft:iron_helmet":6,"minecraft:wooden_pickaxe":1,"minecraft:baked_potato":222,"minecraft:smithing_table":1,"minecraft:gold_block":2,"minecraft:apple":4,"minecraft:stone_brick_stairs":64,"minecraft:dark_oak_slab":372,"minecraft:iron_chestplate":6,"minecraft:shield":5,"minecraft:stick":304,"minecraft:iron_ingot":534,"minecraft:iron_pickaxe":22,"minecraft:iron_block":8,"minecraft:stone_sword":1,"minecraft:gold_ingot":25,"minecraft:redstone_torch":12,"minecraft:wooden_sword":1,"minecraft:iron_nugget":55,"minecraft:furnace":23,"minecraft:blast_furnace":1,"minecraft:mushroom_stew":11,"minecraft:bone_meal":252,"minecraft:flint_and_steel":1,"minecraft:lantern":1,"minecraft:dark_oak_fence":93,"minecraft:iron_axe":5,"minecraft:iron_hoe":2,"minecraft:spruce_slab":42,"minecraft:stone_pickaxe":1,"minecraft:redstone_block":25,"minecraft:dark_oak_planks":1172,"minecraft:minecart":1,"minecraft:wheat":594,"minecraft:cooked_beef":6,"minecraft:coal_block":28,"minecraft:dark_oak_stairs":144,"minecraft:powered_rail":12,"minecraft:iron_sword":14,"minecraft:bowl":28,"minecraft:bucket":3,"minecraft:stone_axe":1,"minecraft:bread":68,"minecraft:air":0,"minecraft:iron_shovel":2,"minecraft:iron_leggings":6,"minecraft:stonecutter":1,"minecraft:white_bed":1,"minecraft:acacia_planks":20,"minecraft:torch":316,"minecraft:lapis_block":9},"minecraft:picked_up":{"minecraft:iron_chestplate":31,"minecraft:wheat":263,"minecraft:flower_pot":2,"minecraft:smithing_table":1,"minecraft:stone_brick_stairs":151,"minecraft:brewing_stand":3,"minecraft:string":1629,"minecraft:iron_leggings":45,"minecraft:oak_sign":6,"minecraft:activator_rail":39,"minecraft:smooth_stone":2,"minecraft:bucket":44,"minecraft:spruce_planks":44,"minecraft:redstone_torch":1,"minecraft:cobblestone_slab":21,"minecraft:iron_pickaxe":68,"minecraft:melon_slice":48,"minecraft:coal_block":8,"minecraft:furnace":38,"minecraft:iron_boots":27,"minecraft:dark_oak_door":1,"minecraft:stick":38,"minecraft:acacia_fence":1,"minecraft:composter":4,"minecraft:oak_fence":265,"minecraft:torch":316,"minecraft:acacia_log":5,"minecraft:porkchop":29,"minecraft:diorite":314,"minecraft:cauldron":1,"minecraft:orange_bed":4,"minecraft:cactus":4,"minecraft:rotten_flesh":405,"minecraft:iron_bars":81,"minecraft:snowball":32,"minecraft:cobblestone":10784,"minecraft:magma_block":3,"minecraft:feather":8,"minecraft:water_bucket":10,"minecraft:andesite":1007,"minecraft:smoker":1,"minecraft:potato":451,"minecraft:flint":47,"minecraft:lapis_lazuli":206,"minecraft:dirt":1080,"minecraft:lantern":1,"minecraft:name_tag":9,"minecraft:leather_boots":2,"minecraft:bone":50,"minecraft:acacia_planks":1,"minecraft:bow":22,"minecraft:wheat_seeds":984,"minecraft:bell":3,"minecraft:grindstone":1,"minecraft:powered_rail":63,"minecraft:oak_planks":111,"minecraft:cooked_porkchop":3,"minecraft:poisonous_potato":33,"minecraft:sand":96,"minecraft:ink_sac":6,"minecraft:dark_oak_log":319,"minecraft:red_terracotta":1,"minecraft:iron_hoe":18,"minecraft:sugar":11,"minecraft:diamond":8,"minecraft:lever":4,"minecraft:granite":334,"minecraft:bone_meal":12,"minecraft:golden_apple":9,"minecraft:emerald":20,"minecraft:bread":30,"minecraft:oak_sapling":5,"minecraft:dark_oak_fence":1,"minecraft:crafting_table":14,"minecraft:chicken":4,"minecraft:brown_mushroom":11,"minecraft:gold_block":1,"minecraft:shield":8,"minecraft:iron_axe":24,"minecraft:acacia_door":1,"minecraft:wooden_sword":1,"minecraft:flint_and_steel":2,"minecraft:iron_shovel":33,"minecraft:cartography_table":6,"minecraft:detector_rail":26,"minecraft:beef":37,"minecraft:poppy":6,"minecraft:minecart":10,"minecraft:sugar_cane":25,"minecraft:chest":2,"minecraft:birch_sapling":10,"minecraft:phantom_membrane":1,"minecraft:egg":13,"minecraft:dark_oak_sapling":17,"minecraft:sandstone":2,"minecraft:stone":267,"minecraft:bowl":1,"minecraft:redstone":324,"minecraft:stone_pressure_plate":5,"minecraft:dark_oak_planks":48,"minecraft:arrow":46,"minecraft:beetroot_seeds":72,"minecraft:hay_block":66,"minecraft:saddle":21,"minecraft:gold_ingot":41,"minecraft:bone_block":15,"minecraft:mutton":6,"minecraft:rail":1161,"minecraft:white_wool":11,"minecraft:salmon":21,"minecraft:leather":24,"minecraft:red_mushroom":29,"minecraft:acacia_wood":1,"minecraft:mushroom_stew":9,"minecraft:oak_log":54,"minecraft:lily_pad":7,"minecraft:gunpowder":4,"minecraft:smooth_sandstone":2,"minecraft:apple":1,"minecraft:stone_bricks":398,"minecraft:iron_ingot":456,"minecraft:stone_pickaxe":2,"minecraft:cooked_chicken":2,"minecraft:iron_ore":1036,"minecraft:iron_sword":22,"minecraft:dark_oak_stairs":27,"minecraft:dark_oak_slab":30,"minecraft:sweet_berries":1010,"minecraft:chiseled_stone_bricks":13,"minecraft:stone_brick_slab":162,"minecraft:gravel":327,"minecraft:spruce_sapling":20,"minecraft:white_bed":3,"minecraft:spruce_log":71,"minecraft:gold_ore":76,"minecraft:spider_eye":974,"minecraft:pumpkin_seeds":8,"minecraft:stone_axe":3,"minecraft:iron_helmet":28,"minecraft:baked_potato":324,"minecraft:melon_seeds":80,"minecraft:coal":3069,"minecraft:sunflower":2},"minecraft:killed_by":{"minecraft:creeper":5,"minecraft:cave_spider":23,"minecraft:zombie":7,"minecraft:skeleton":3},"minecraft:mined":{"minecraft:dark_oak_planks":45,"minecraft:spruce_planks":18,"minecraft:white_bed":1,"minecraft:potted_cactus":1,"minecraft:brewing_stand":3,"minecraft:granite":86,"minecraft:acacia_log":6,"minecraft:grass_block":339,"minecraft:composter":2,"minecraft:chiseled_stone_bricks":13,"minecraft:smooth_stone":3,"minecraft:tall_seagrass":1,"minecraft:magma_block":3,"minecraft:iron_ore":515,"minecraft:fire":14,"minecraft:dark_oak_stairs":10,"minecraft:oak_sign":1,"minecraft:iron_bars":13,"minecraft:tripwire":2,"minecraft:orange_bed":5,"minecraft:melon_stem":1,"minecraft:smoker":2,"minecraft:torch":11,"minecraft:poppy":2,"minecraft:melon":8,"minecraft:chest":1,"minecraft:mushroom_stem":9,"minecraft:cobblestone":145,"minecraft:grindstone":1,"minecraft:oak_planks":70,"minecraft:sugar_cane":2,"minecraft:wall_torch":30,"minecraft:cauldron":1,"minecraft:seagrass":4,"minecraft:powered_rail":25,"minecraft:dark_oak_slab":37,"minecraft:dark_oak_door":1,"minecraft:wheat":263,"minecraft:activator_rail":2,"minecraft:stone_brick_stairs":66,"minecraft:grass":97,"minecraft:oak_log":28,"minecraft:beetroots":3,"minecraft:acacia_fence":1,"minecraft:sand":96,"minecraft:dirt":218,"minecraft:red_mushroom_block":42,"minecraft:netherrack":8,"minecraft:oak_leaves":50,"minecraft:diamond_ore":8,"minecraft:dark_oak_leaves":17,"minecraft:dark_oak_log":309,"minecraft:lever":4,"minecraft:dark_oak_fence":1,"minecraft:brown_mushroom_block":39,"minecraft:spruce_leaves":73,"minecraft:cartography_table":3,"minecraft:sandstone":1,"minecraft:large_fern":6,"minecraft:hay_block":68,"minecraft:redstone_ore":72,"minecraft:furnace":30,"minecraft:snow":2,"minecraft:acacia_wood":1,"minecraft:andesite":185,"minecraft:detector_rail":1,"minecraft:gold_block":1,"minecraft:bell":2,"minecraft:potatoes":142,"minecraft:cobblestone_slab":1,"minecraft:vine":7,"minecraft:rail":379,"minecraft:lantern":1,"minecraft:stone":2998,"minecraft:bone_block":16,"minecraft:white_wool":1,"minecraft:smithing_table":1,"minecraft:acacia_leaves":2,"minecraft:glass_pane":1,"minecraft:stone_brick_slab":57,"minecraft:oak_fence":47,"minecraft:smooth_sandstone":2,"minecraft:crafting_table":12,"minecraft:emerald_ore":2,"minecraft:tall_grass":34,"minecraft:lapis_ore":17,"minecraft:lily_pad":9,"minecraft:diorite":104,"minecraft:red_terracotta":1,"minecraft:redstone_torch":1,"minecraft:sweet_berry_bush":86,"minecraft:spruce_log":61,"minecraft:coal_ore":824,"minecraft:sunflower":2,"minecraft:gravel":193,"minecraft:cobweb":158,"minecraft:stone_bricks":169,"minecraft:gold_ore":59,"minecraft:fern":1,"minecraft:infested_stone":6},"minecraft:dropped":{"minecraft:iron_sword":2,"minecraft:acacia_wood":1,"minecraft:lapis_lazuli":5,"minecraft:baked_potato":13,"minecraft:leather":3,"minecraft:flint":6,"minecraft:dirt":42,"minecraft:snowball":2,"minecraft:wooden_sword":1,"minecraft:sand":2,"minecraft:iron_pickaxe":4,"minecraft:acacia_door":1,"minecraft:dark_oak_planks":8,"minecraft:white_wool":2,"minecraft:bone":4,"minecraft:gravel":115,"minecraft:stone_axe":1,"minecraft:cooked_chicken":1,"minecraft:wheat":19,"minecraft:rotten_flesh":40,"minecraft:oak_planks":5,"minecraft:cooked_mutton":4,"minecraft:white_bed":1,"minecraft:poppy":4,"minecraft:gunpowder":3,"minecraft:melon_seeds":4,"minecraft:leather_boots":2,"minecraft:iron_bars":1,"minecraft:arrow":10,"minecraft:acacia_fence":1,"minecraft:cartography_table":3,"minecraft:water_bucket":2,"minecraft:stone_hoe":1,"minecraft:iron_ingot":119,"minecraft:bread":13,"minecraft:wheat_seeds":123,"minecraft:cobblestone":167,"minecraft:iron_helmet":3,"minecraft:feather":8,"minecraft:oak_fence":10,"minecraft:granite":12,"minecraft:coal":56,"minecraft:stick":6,"minecraft:diorite":42,"minecraft:torch":3,"minecraft:iron_leggings":7,"minecraft:iron_axe":1,"minecraft:cactus":3,"minecraft:string":15,"minecraft:smooth_sandstone":1,"minecraft:lily_pad":7,"minecraft:acacia_planks":1,"minecraft:stone_brick_slab":86,"minecraft:spruce_sapling":2,"minecraft:redstone":1,"minecraft:furnace":4,"minecraft:sweet_berries":2,"minecraft:bowl":9,"minecraft:iron_boots":2,"minecraft:smoker":1,"minecraft:red_terracotta":1,"minecraft:stone":50,"minecraft:shield":3,"minecraft:spruce_planks":1,"minecraft:iron_chestplate":4,"minecraft:andesite":205,"minecraft:spider_eye":7,"minecraft:stone_bricks":12,"minecraft:bow":3,"minecraft:stone_pickaxe":2,"minecraft:bell":1},"minecraft:used":{"minecraft:iron_shovel":508,"minecraft:spruce_slab":42,"minecraft:oak_sign":6,"minecraft:chest":8,"minecraft:shield":195,"minecraft:iron_sword":2978,"minecraft:stone":159,"minecraft:bell":1,"minecraft:rotten_flesh":39,"minecraft:mutton":2,"minecraft:snowball":24,"minecraft:glass":18,"minecraft:lantern":2,"minecraft:dark_oak_slab":402,"minecraft:stone_brick_stairs":71,"minecraft:stone_bricks":1230,"minecraft:magma_block":3,"minecraft:bow":20,"minecraft:sweet_berries":551,"minecraft:oak_sapling":3,"minecraft:furnace":49,"minecraft:egg":7,"minecraft:potato":241,"minecraft:dark_oak_sapling":13,"minecraft:dark_oak_stairs":68,"minecraft:diorite":4,"minecraft:stone_pickaxe":104,"minecraft:powered_rail":39,"minecraft:oak_planks":2,"minecraft:wooden_pickaxe":36,"minecraft:composter":2,"minecraft:golden_apple":1,"minecraft:white_wool":1,"minecraft:mushroom_stew":10,"minecraft:blast_furnace":1,"minecraft:redstone_torch":13,"minecraft:lever":13,"minecraft:dark_oak_log":16,"minecraft:melon_slice":39,"minecraft:bread":77,"minecraft:string":2,"minecraft:gravel":21,"minecraft:wooden_sword":70,"minecraft:grindstone":1,"minecraft:dark_oak_fence":94,"minecraft:smithing_table":2,"minecraft:andesite":38,"minecraft:bone_meal":264,"minecraft:oak_fence":9,"minecraft:iron_bars":22,"minecraft:stone_sword":77,"minecraft:flint_and_steel":28,"minecraft:spruce_planks":50,"minecraft:stone_hoe":113,"minecraft:orange_bed":5,"minecraft:torch":390,"minecraft:brewing_stand":3,"minecraft:dirt":340,"minecraft:granite":11,"minecraft:iron_hoe":43,"minecraft:stone_brick_slab":71,"minecraft:dark_oak_planks":404,"minecraft:iron_axe":686,"minecraft:beef":19,"minecraft:minecart":8,"minecraft:cooked_beef":6,"minecraft:wheat_seeds":328,"minecraft:water_bucket":117,"minecraft:baked_potato":244,"minecraft:cauldron":1,"minecraft:stonecutter":1,"minecraft:cobblestone_slab":11,"minecraft:gold_ore":1,"minecraft:salmon":15,"minecraft:rail":180,"minecraft:crafting_table":24,"minecraft:white_bed":3,"minecraft:spruce_log":34,"minecraft:dark_oak_door":3,"minecraft:oak_log":9,"minecraft:flower_pot":1,"minecraft:activator_rail":7,"minecraft:apple":4,"minecraft:chicken":2,"minecraft:iron_pickaxe":5882,"minecraft:detector_rail":10,"minecraft:spruce_sapling":5,"minecraft:stone_axe":140,"minecraft:chiseled_stone_bricks":71,"minecraft:cobblestone":766,"minecraft:porkchop":14,"minecraft:cooked_porkchop":15,"minecraft:lapis_block":1,"minecraft:bucket":120,"minecraft:smooth_stone":32}},"DataVersion":2567}