{"stats":{"minecraft:custom":{"minecraft:interact_with_smithing_table":1,"minecraft:interact_with_furnace":56,"minecraft:mob_kills":21,"minecraft:interact_with_crafting_table":21,"minecraft:play_one_minute":191145,"minecraft:leave_game":28,"minecraft:time_since_death":168152,"minecraft:sleep_in_bed":2,"minecraft:climb_one_cm":57,"minecraft:damage_resisted":8,"minecraft:time_since_rest":73454,"minecraft:sprint_one_cm":611532,"minecraft:open_enderchest":1,"minecraft:damage_taken":1521,"minecraft:walk_one_cm":436423,"minecraft:damage_dealt":2492,"minecraft:swim_one_cm":59346,"minecraft:fly_one_cm":105205,"minecraft:open_chest":63,"minecraft:deaths":1,"minecraft:sneak_time":296,"minecraft:walk_under_water_one_cm":64937,"minecraft:jump":1447,"minecraft:interact_with_brewingstand":1,"minecraft:walk_on_water_one_cm":37641,"minecraft:fish_caught":2,"minecraft:fall_one_cm":21825},"minecraft:picked_up":{"minecraft:birch_log":49,"minecraft:andesite":11,"minecraft:salmon":8,"minecraft:diamond_sword":1,"minecraft:oak_log":89,"minecraft:cobblestone_stairs":9,"minecraft:lapis_lazuli":9,"minecraft:dirt":152,"minecraft:string":2,"minecraft:cooked_salmon":1,"minecraft:bone":3,"minecraft:apple":2,"minecraft:stone_pickaxe":1,"minecraft:iron_ore":64,"minecraft:iron_pickaxe":2,"minecraft:birch_sapling":8,"minecraft:oak_planks":42,"minecraft:stick":56,"minecraft:torch":58,"minecraft:gravel":6,"minecraft:porkchop":2,"minecraft:sand":140,"minecraft:diorite":24,"minecraft:redstone":35,"minecraft:gold_ore":7,"minecraft:arrow":3,"minecraft:rotten_flesh":11,"minecraft:diamond":8,"minecraft:stone_axe":1,"minecraft:granite":31,"minecraft:emerald":1,"minecraft:oak_sapling":6,"minecraft:cod":1,"minecraft:coal":120,"minecraft:white_wool":1,"minecraft:cobblestone":531},"minecraft:killed":{"minecraft:pig":1,"minecraft:salmon":8,"minecraft:spider":1,"minecraft:skeleton":3,"minecraft:zombie":7},"minecraft:used":{"minecraft:cobblestone_stairs":94,"minecraft:iron_shovel":250,"minecraft:stone_pickaxe":48,"minecraft:oak_planks":224,"minecraft:chest":2,"minecraft:cooked_salmon":20,"minecraft:white_wool":1,"minecraft:torch":140,"minecraft:sand":1,"minecraft:dirt":54,"minecraft:crafting_table":1,"minecraft:crossbow":2,"minecraft:glass":137,"minecraft:apple":2,"minecraft:iron_pickaxe":730,"minecraft:iron_axe":149,"minecraft:stone_axe":15,"minecraft:fishing_rod":3,"minecraft:diamond_sword":57,"minecraft:cobblestone":123,"minecraft:oak_sapling":4,"minecraft:furnace":7,"minecraft:cooked_porkchop":2,"minecraft:birch_log":2,"minecraft:bone_meal":2},"minecraft:broken":{"minecraft:iron_shovel":1,"minecraft:golden_boots":1,"minecraft:iron_pickaxe":2},"minecraft:mined":{"minecraft:diamond_ore":8,"minecraft:cobblestone_stairs":9,"minecraft:torch":5,"minecraft:granite":31,"minecraft:emerald_ore":1,"minecraft:grass_block":67,"minecraft:glass":2,"minecraft:cobblestone":10,"minecraft:lapis_ore":2,"minecraft:oak_planks":2,"minecraft:diorite":20,"minecraft:wall_torch":16,"minecraft:redstone_ore":8,"minecraft:birch_log":49,"minecraft:iron_ore":60,"minecraft:andesite":9,"minecraft:birch_leaves":1,"minecraft:oak_log":89,"minecraft:coal_ore":120,"minecraft:gravel":4,"minecraft:sand":153,"minecraft:dirt":75,"minecraft:stone":452,"minecraft:gold_ore":7,"minecraft:white_wool":1,"minecraft:oak_leaves":10},"minecraft:killed_by":{"minecraft:zombie":1},"minecraft:crafted":{"minecraft:oak_planks":292,"minecraft:fishing_rod":1,"minecraft:cooked_porkchop":2,"minecraft:crafting_table":1,"minecraft:spruce_planks":32,"minecraft:furnace":7,"minecraft:cooked_salmon":25,"minecraft:cobblestone_stairs":88,"minecraft:bone_meal":3,"minecraft:stone_axe":1,"minecraft:air":0,"minecraft:glass":137,"minecraft:charcoal":55,"minecraft:iron_axe":2,"minecraft:stick":76,"minecraft:iron_ingot":26,"minecraft:iron_pickaxe":4,"minecraft:stone_pickaxe":1,"minecraft:chest":2,"minecraft:iron_shovel":1,"minecraft:torch":156}},"DataVersion":2567}