{"stats":{"minecraft:custom":{"minecraft:interact_with_crafting_table":95,"minecraft:bell_ring":36,"minecraft:leave_game":65,"minecraft:time_since_death":109438,"minecraft:sprint_one_cm":1820790,"minecraft:damage_blocked_by_shield":1550,"minecraft:drop":237,"minecraft:talked_to_villager":23,"minecraft:deaths":37,"minecraft:jump":7148,"minecraft:interact_with_brewingstand":1,"minecraft:walk_on_water_one_cm":185209,"minecraft:interact_with_furnace":158,"minecraft:traded_with_villager":1,"minecraft:play_one_minute":1041837,"minecraft:sleep_in_bed":25,"minecraft:damage_dealt":8830,"minecraft:crouch_one_cm":5859,"minecraft:interact_with_smoker":4,"minecraft:horse_one_cm":217139,"minecraft:mob_kills":63,"minecraft:climb_one_cm":3146,"minecraft:walk_one_cm":3256424,"minecraft:sneak_time":3623,"minecraft:walk_under_water_one_cm":31475,"minecraft:boat_one_cm":11042,"minecraft:interact_with_blast_furnace":8,"minecraft:interact_with_grindstone":5,"minecraft:interact_with_stonecutter":7,"minecraft:time_since_rest":10241,"minecraft:damage_taken":13554,"minecraft:minecart_one_cm":5023,"minecraft:swim_one_cm":3989,"minecraft:fly_one_cm":747675,"minecraft:open_chest":162,"minecraft:fall_one_cm":115601},"minecraft:killed":{"minecraft:cave_spider":35,"minecraft:spider":3,"minecraft:skeleton":3,"minecraft:chicken":1,"minecraft:silverfish":4,"minecraft:pig":3,"minecraft:salmon":5,"minecraft:zombie":5,"minecraft:cow":2,"minecraft:husk":2},"minecraft:broken":{"minecraft:iron_shovel":2,"minecraft:wooden_shovel":2,"minecraft:stone_pickaxe":2,"minecraft:iron_axe":2,"minecraft:iron_pickaxe":8,"minecraft:iron_helmet":1},"minecraft:crafted":{"minecraft:oak_planks":32,"minecraft:oak_sign":6,"minecraft:cooked_chicken":1,"minecraft:stone":784,"minecraft:stone_brick_slab":36,"minecraft:iron_boots":3,"minecraft:chest":2,"minecraft:stone_bricks":554,"minecraft:wooden_shovel":2,"minecraft:emerald":1,"minecraft:cooked_porkchop":4,"minecraft:crafting_table":4,"minecraft:spruce_planks":52,"minecraft:iron_helmet":3,"minecraft:baked_potato":65,"minecraft:stone_brick_stairs":76,"minecraft:dark_oak_slab":6,"minecraft:iron_chestplate":3,"minecraft:shield":1,"minecraft:stick":100,"minecraft:iron_ingot":94,"minecraft:iron_pickaxe":16,"minecraft:gold_ingot":17,"minecraft:furnace":5,"minecraft:bone_meal":12,"minecraft:flint_and_steel":1,"minecraft:dark_oak_fence":39,"minecraft:iron_axe":5,"minecraft:stone_pickaxe":1,"minecraft:dark_oak_planks":820,"minecraft:wheat":18,"minecraft:cooked_beef":4,"minecraft:sugar":11,"minecraft:dark_oak_stairs":28,"minecraft:iron_sword":2,"minecraft:bread":49,"minecraft:iron_shovel":3,"minecraft:iron_leggings":2,"minecraft:acacia_planks":8,"minecraft:torch":128},"minecraft:picked_up":{"minecraft:iron_chestplate":22,"minecraft:wheat":368,"minecraft:flower_pot":2,"minecraft:stone_brick_stairs":140,"minecraft:string":462,"minecraft:iron_leggings":30,"minecraft:activator_rail":8,"minecraft:sea_pickle":4,"minecraft:bucket":3,"minecraft:dark_oak_leaves":34,"minecraft:spruce_planks":4,"minecraft:iron_pickaxe":32,"minecraft:furnace":21,"minecraft:iron_boots":22,"minecraft:stick":141,"minecraft:composter":6,"minecraft:oak_fence":212,"minecraft:torch":502,"minecraft:acacia_log":9,"minecraft:porkchop":6,"minecraft:diorite":247,"minecraft:orange_bed":13,"minecraft:cactus":12,"minecraft:rotten_flesh":74,"minecraft:iron_bars":1,"minecraft:snowball":8,"minecraft:cobblestone":5204,"minecraft:feather":1,"minecraft:water_bucket":13,"minecraft:andesite":386,"minecraft:dark_oak_boat":4,"minecraft:smoker":5,"minecraft:potato":427,"minecraft:flint":45,"minecraft:lapis_lazuli":43,"minecraft:dirt":1924,"minecraft:bone":25,"minecraft:acacia_planks":6,"minecraft:bow":8,"minecraft:wheat_seeds":788,"minecraft:bell":2,"minecraft:rabbit":1,"minecraft:powered_rail":33,"minecraft:oak_planks":80,"minecraft:poisonous_potato":6,"minecraft:sand":101,"minecraft:ink_sac":4,"minecraft:dark_oak_log":454,"minecraft:iron_hoe":4,"minecraft:lever":8,"minecraft:granite":336,"minecraft:emerald":23,"minecraft:golden_horse_armor":1,"minecraft:bread":54,"minecraft:fishing_rod":3,"minecraft:crafting_table":3,"minecraft:chicken":1,"minecraft:shield":10,"minecraft:cornflower":12,"minecraft:iron_axe":15,"minecraft:wooden_sword":1,"minecraft:flint_and_steel":7,"minecraft:iron_shovel":4,"minecraft:cartography_table":7,"minecraft:detector_rail":8,"minecraft:beef":13,"minecraft:minecart":4,"minecraft:sugar_cane":88,"minecraft:chest":8,"minecraft:egg":3,"minecraft:dark_oak_sapling":20,"minecraft:sandstone":1,"minecraft:stone":251,"minecraft:redstone":21,"minecraft:stone_pressure_plate":10,"minecraft:dark_oak_planks":101,"minecraft:tnt":9,"minecraft:arrow":195,"minecraft:beetroot_seeds":6,"minecraft:shears":1,"minecraft:hay_block":3,"minecraft:saddle":3,"minecraft:gold_ingot":5,"minecraft:white_wool":22,"minecraft:rail":358,"minecraft:bone_block":4,"minecraft:stripped_oak_log":1,"minecraft:salmon":22,"minecraft:leather":6,"minecraft:oak_log":13,"minecraft:lily_pad":3,"minecraft:gunpowder":5,"minecraft:cooked_mutton":4,"minecraft:smooth_sandstone":3,"minecraft:stone_bricks":146,"minecraft:apple":4,"minecraft:stone_pickaxe":2,"minecraft:rabbit_hide":2,"minecraft:iron_ingot":308,"minecraft:cooked_chicken":4,"minecraft:iron_ore":306,"minecraft:acacia_sapling":1,"minecraft:iron_sword":23,"minecraft:dark_oak_stairs":25,"minecraft:dark_oak_slab":34,"minecraft:pumpkin":3,"minecraft:sweet_berries":32,"minecraft:chiseled_stone_bricks":4,"minecraft:stone_brick_slab":221,"minecraft:gravel":183,"minecraft:spruce_sapling":36,"minecraft:spruce_log":77,"minecraft:gold_ore":34,"minecraft:green_carpet":2,"minecraft:spider_eye":142,"minecraft:pumpkin_seeds":6,"minecraft:stone_axe":1,"minecraft:iron_helmet":19,"minecraft:baked_potato":181,"minecraft:melon_seeds":28,"minecraft:stripped_dark_oak_log":62,"minecraft:coal":1394},"minecraft:killed_by":{"minecraft:creeper":3,"minecraft:cave_spider":22,"minecraft:zombie":3,"minecraft:player":2,"minecraft:skeleton":4},"minecraft:mined":{"minecraft:dark_oak_planks":57,"minecraft:potted_cactus":1,"minecraft:granite":80,"minecraft:acacia_log":9,"minecraft:grass_block":662,"minecraft:composter":2,"minecraft:chiseled_stone_bricks":6,"minecraft:iron_ore":163,"minecraft:fire":15,"minecraft:pumpkin":3,"minecraft:green_carpet":1,"minecraft:orange_bed":6,"minecraft:torch":8,"minecraft:chest":7,"minecraft:dead_bush":3,"minecraft:cobblestone":11,"minecraft:sugar_cane":8,"minecraft:oak_planks":47,"minecraft:wall_torch":4,"minecraft:wheat":177,"minecraft:activator_rail":1,"minecraft:stone_brick_stairs":6,"minecraft:grass":49,"minecraft:oak_log":13,"minecraft:dark_oak_sapling":3,"minecraft:sand":26,"minecraft:dirt":204,"minecraft:oak_leaves":4,"minecraft:dark_oak_leaves":44,"minecraft:dark_oak_log":223,"minecraft:spruce_leaves":39,"minecraft:cartography_table":1,"minecraft:hay_block":1,"minecraft:furnace":11,"minecraft:snow":1,"minecraft:andesite":49,"minecraft:detector_rail":9,"minecraft:potatoes":106,"minecraft:vine":12,"minecraft:rail":19,"minecraft:stripped_oak_log":1,"minecraft:stone":1758,"minecraft:stripped_dark_oak_log":45,"minecraft:stone_brick_slab":1,"minecraft:oak_fence":6,"minecraft:crafting_table":3,"minecraft:cornflower":4,"minecraft:emerald_ore":1,"minecraft:tall_grass":3,"minecraft:lily_pad":10,"minecraft:diorite":35,"minecraft:cactus":5,"minecraft:sea_pickle":2,"minecraft:sweet_berry_bush":1,"minecraft:spruce_log":60,"minecraft:grass_path":1,"minecraft:coal_ore":383,"minecraft:gravel":34,"minecraft:stone_bricks":20,"minecraft:infested_stone":2},"minecraft:dropped":{"minecraft:iron_sword":4,"minecraft:baked_potato":68,"minecraft:dark_oak_slab":20,"minecraft:leather":3,"minecraft:emerald":14,"minecraft:dirt":192,"minecraft:snowball":7,"minecraft:sand":3,"minecraft:iron_pickaxe":5,"minecraft:dark_oak_planks":5,"minecraft:dark_oak_boat":2,"minecraft:white_wool":22,"minecraft:gold_ingot":5,"minecraft:bone":13,"minecraft:gravel":7,"minecraft:stone_axe":1,"minecraft:cooked_chicken":1,"minecraft:wheat":8,"minecraft:rotten_flesh":30,"minecraft:oak_planks":9,"minecraft:beetroot_seeds":6,"minecraft:melon_seeds":8,"minecraft:acacia_sapling":1,"minecraft:iron_ore":24,"minecraft:arrow":174,"minecraft:powered_rail":22,"minecraft:beef":8,"minecraft:cartography_table":3,"minecraft:water_bucket":2,"minecraft:iron_ingot":28,"minecraft:bread":16,"minecraft:wheat_seeds":19,"minecraft:tnt":9,"minecraft:golden_horse_armor":1,"minecraft:minecart":2,"minecraft:iron_helmet":1,"minecraft:oak_fence":49,"minecraft:cobblestone":217,"minecraft:granite":80,"minecraft:coal":21,"minecraft:stick":4,"minecraft:dark_oak_leaves":34,"minecraft:diorite":71,"minecraft:ink_sac":2,"minecraft:green_carpet":2,"minecraft:iron_leggings":2,"minecraft:iron_axe":4,"minecraft:cactus":4,"minecraft:iron_shovel":2,"minecraft:string":114,"minecraft:smooth_sandstone":2,"minecraft:bucket":1,"minecraft:spruce_sapling":22,"minecraft:composter":2,"minecraft:iron_boots":1,"minecraft:oak_sign":5,"minecraft:shears":1,"minecraft:flint_and_steel":1,"minecraft:stone":10,"minecraft:flower_pot":1,"minecraft:iron_chestplate":2,"minecraft:andesite":64,"minecraft:stone_bricks":32,"minecraft:sandstone":1,"minecraft:bow":1,"minecraft:bell":1},"minecraft:used":{"minecraft:iron_shovel":531,"minecraft:oak_sign":1,"minecraft:chest":9,"minecraft:shield":88,"minecraft:stone":22,"minecraft:iron_sword":202,"minecraft:rotten_flesh":3,"minecraft:stone_brick_stairs":49,"minecraft:stone_bricks":91,"minecraft:dark_oak_boat":2,"minecraft:sweet_berries":6,"minecraft:furnace":11,"minecraft:egg":2,"minecraft:potato":93,"minecraft:dark_oak_sapling":19,"minecraft:dark_oak_stairs":3,"minecraft:stone_pickaxe":153,"minecraft:oak_planks":7,"minecraft:composter":2,"minecraft:sand":2,"minecraft:dark_oak_log":25,"minecraft:bread":39,"minecraft:gravel":16,"minecraft:dark_oak_fence":39,"minecraft:andesite":26,"minecraft:bone_meal":6,"minecraft:flint_and_steel":16,"minecraft:wooden_shovel":118,"minecraft:cooked_chicken":2,"minecraft:orange_bed":6,"minecraft:torch":86,"minecraft:dirt":235,"minecraft:granite":31,"minecraft:stone_brick_slab":26,"minecraft:dark_oak_planks":664,"minecraft:iron_axe":567,"minecraft:beef":4,"minecraft:cooked_beef":4,"minecraft:wheat_seeds":110,"minecraft:cooked_mutton":4,"minecraft:water_bucket":4,"minecraft:baked_potato":39,"minecraft:rail":66,"minecraft:stripped_dark_oak_log":42,"minecraft:crafting_table":6,"minecraft:spider_eye":6,"minecraft:spruce_log":6,"minecraft:smoker":2,"minecraft:apple":1,"minecraft:iron_pickaxe":2593,"minecraft:spruce_sapling":2,"minecraft:chiseled_stone_bricks":15,"minecraft:cobblestone":213,"minecraft:porkchop":5,"minecraft:cooked_porkchop":4,"minecraft:bucket":2}},"DataVersion":2567}