{"stats":{"minecraft:used":{"minecraft:wooden_sword":6,"minecraft:oak_planks":2,"minecraft:wooden_pickaxe":27},"minecraft:custom":{"minecraft:time_since_rest":2005,"minecraft:play_one_minute":7038,"minecraft:walk_one_cm":16855,"minecraft:sprint_one_cm":12096,"minecraft:damage_taken":771,"minecraft:deaths":3,"minecraft:sneak_time":53,"minecraft:walk_under_water_one_cm":1902,"minecraft:drop":1,"minecraft:jump":78,"minecraft:damage_dealt":271,"minecraft:leave_game":1,"minecraft:time_since_death":1954,"minecraft:walk_on_water_one_cm":4346,"minecraft:swim_one_cm":3341,"minecraft:interact_with_crafting_table":3,"minecraft:fall_one_cm":478,"minecraft:fly_one_cm":5646,"minecraft:player_kills":1},"minecraft:mined":{"minecraft:oak_log":13,"minecraft:stone":25,"minecraft:oak_planks":2,"minecraft:oak_leaves":6},"minecraft:dropped":{"minecraft:wooden_sword":1},"minecraft:killed_by":{"minecraft:player":3},"minecraft:crafted":{"minecraft:wooden_sword":1,"minecraft:oak_planks":52,"minecraft:stick":8,"minecraft:wooden_pickaxe":1},"minecraft:picked_up":{"minecraft:wooden_sword":1,"minecraft:stick":4,"minecraft:oak_log":13,"minecraft:oak_planks":30,"minecraft:cobblestone":23}},"DataVersion":2567}