{"stats":{"minecraft:custom":{"minecraft:interact_with_crafting_table":792,"minecraft:open_barrel":57,"minecraft:bell_ring":3,"minecraft:leave_game":185,"minecraft:time_since_death":1063064,"minecraft:damage_blocked_by_shield":5030,"minecraft:deaths":19,"minecraft:jump":98658,"minecraft:enchant_item":71,"minecraft:interact_with_furnace":855,"minecraft:play_record":21,"minecraft:traded_with_villager":1596,"minecraft:interact_with_cartography_table":2,"minecraft:sleep_in_bed":110,"minecraft:damage_dealt":376878,"minecraft:interact_with_smoker":252,"minecraft:inspect_dispenser":166,"minecraft:horse_one_cm":414231,"minecraft:interact_with_smithing_table":22,"minecraft:inspect_dropper":1,"minecraft:interact_with_anvil":124,"minecraft:inspect_hopper":113,"minecraft:sneak_time":290919,"minecraft:interact_with_blast_furnace":211,"minecraft:tune_noteblock":51,"minecraft:interact_with_stonecutter":37,"minecraft:time_since_rest":23075,"minecraft:swim_one_cm":332986,"minecraft:fly_one_cm":19910425,"minecraft:open_chest":5470,"minecraft:fall_one_cm":2499060,"minecraft:animals_bred":420,"minecraft:open_shulker_box":554,"minecraft:damage_resisted":8474,"minecraft:sprint_one_cm":22758143,"minecraft:drop":2594,"minecraft:talked_to_villager":1100,"minecraft:interact_with_brewingstand":107,"minecraft:walk_on_water_one_cm":1341991,"minecraft:play_one_minute":7827571,"minecraft:open_enderchest":810,"minecraft:interact_with_beacon":63,"minecraft:player_kills":2,"minecraft:crouch_one_cm":1221366,"minecraft:mob_kills":6774,"minecraft:climb_one_cm":230220,"minecraft:walk_one_cm":28855131,"minecraft:raid_win":1,"minecraft:walk_under_water_one_cm":2076206,"minecraft:boat_one_cm":881924,"minecraft:raid_trigger":1,"minecraft:pot_flower":3,"minecraft:interact_with_grindstone":42,"minecraft:damage_taken":65323,"minecraft:damage_absorbed":198,"minecraft:minecart_one_cm":640025,"minecraft:aviate_one_cm":19707688},"minecraft:picked_up":{"minecraft:iron_chestplate":17,"minecraft:birch_door":1,"minecraft:chainmail_boots":1,"minecraft:anvil":5,"minecraft:flower_pot":3,"minecraft:stone_slab":5,"minecraft:smithing_table":11,"minecraft:lead":56,"minecraft:diamond_sword":12,"minecraft:wither_rose":3,"minecraft:enchanted_book":14,"minecraft:brewing_stand":1,"minecraft:golden_sword":27,"minecraft:music_disc_cat":21,"minecraft:polished_blackstone_brick_stairs":111,"minecraft:string":297,"minecraft:dark_oak_trapdoor":92,"minecraft:soul_soil":506,"minecraft:cooked_salmon":5,"minecraft:shroomlight":13,"minecraft:diamond_leggings":4,"minecraft:gold_nugget":2277,"minecraft:spruce_planks":99,"minecraft:acacia_sign":5,"minecraft:dark_oak_door":11,"minecraft:golden_helmet":9,"minecraft:polished_blackstone_brick_slab":5,"minecraft:polished_blackstone_stairs":9,"minecraft:jukebox":2,"minecraft:composter":4,"minecraft:purpur_pillar":36,"minecraft:cyan_stained_glass":2,"minecraft:acacia_log":247,"minecraft:pink_carpet":2,"minecraft:warped_planks":65,"minecraft:golden_chestplate":13,"minecraft:chiseled_nether_bricks":8,"minecraft:stone_sword":13,"minecraft:light_blue_wool":56,"minecraft:polished_basalt":85,"minecraft:iron_block":322,"minecraft:red_tulip":22,"minecraft:glowstone":151,"minecraft:netherite_chestplate":7,"minecraft:blaze_rod":173,"minecraft:snowball":194,"minecraft:birch_log":44,"minecraft:magma_block":157,"minecraft:polished_diorite_slab":189,"minecraft:feather":11,"minecraft:cooked_beef":830,"minecraft:iron_door":8,"minecraft:water_bucket":17,"minecraft:dark_oak_boat":60,"minecraft:brown_wool":40,"minecraft:smoker":4,"minecraft:flint":466,"minecraft:purple_stained_glass":4,"minecraft:netherite_leggings":7,"minecraft:lantern":11,"minecraft:twisting_vines":13,"minecraft:stonecutter":6,"minecraft:gray_terracotta":44,"minecraft:dark_oak_sign":17,"minecraft:diamond_helmet":2,"minecraft:glowstone_dust":17,"minecraft:gray_glazed_terracotta":3,"minecraft:warped_wart_block":52,"minecraft:brown_mushroom_block":42,"minecraft:ink_sac":211,"minecraft:crimson_door":2,"minecraft:fermented_spider_eye":5,"minecraft:dark_oak_log":2290,"minecraft:barrel":2,"minecraft:quartz_bricks":7,"minecraft:stripped_acacia_log":3,"minecraft:polished_andesite":9,"minecraft:dispenser":1,"minecraft:lever":10,"minecraft:granite":829,"minecraft:bread":39,"minecraft:golden_horse_armor":1,"minecraft:chainmail_helmet":1,"minecraft:dark_oak_fence":38,"minecraft:crimson_roots":14,"minecraft:diamond_pickaxe":23,"minecraft:crafting_table":70,"minecraft:purple_wool":19,"minecraft:nether_wart":239,"minecraft:clay_ball":1408,"minecraft:leather_leggings":11,"minecraft:redstone_lamp":1,"minecraft:dragon_head":1,"minecraft:purpur_block":8,"minecraft:cornflower":157,"minecraft:elytra":7,"minecraft:flint_and_steel":4,"minecraft:netherite_scrap":10,"minecraft:white_stained_glass":6,"minecraft:white_carpet":4,"minecraft:iron_shovel":7,"minecraft:glass_pane":36,"minecraft:cracked_stone_bricks":1,"minecraft:cartography_table":3,"minecraft:respawn_anchor":1,"minecraft:netherite_sword":20,"minecraft:beef":1220,"minecraft:cyan_wool":1,"minecraft:iron_nugget":2,"minecraft:poppy":92,"minecraft:spruce_slab":7,"minecraft:minecart":72,"minecraft:chest":58,"minecraft:birch_sapling":4,"minecraft:piston":2,"minecraft:egg":7,"minecraft:black_stained_glass":2,"minecraft:sandstone":633,"minecraft:stone":3809,"minecraft:oak_door":1,"minecraft:fire_charge":14,"minecraft:carrot":7,"minecraft:mushroom_stem":19,"minecraft:redstone":2364,"minecraft:netherite_pickaxe":6,"minecraft:tnt":166,"minecraft:diamond_chestplate":5,"minecraft:beetroot_seeds":10,"minecraft:peony":13,"minecraft:shears":1,"minecraft:diamond_boots":4,"minecraft:gold_ingot":53,"minecraft:totem_of_undying":7,"minecraft:polished_blackstone":67,"minecraft:mutton":20,"minecraft:white_wool":133,"minecraft:bone_block":13,"minecraft:rail":472,"minecraft:oxeye_daisy":110,"minecraft:birch_leaves":1,"minecraft:clock":1,"minecraft:red_mushroom_block":99,"minecraft:red_mushroom":9,"minecraft:oak_log":461,"minecraft:lily_pad":26,"minecraft:ancient_debris":36,"minecraft:golden_boots":15,"minecraft:paper":46,"minecraft:white_banner":17,"minecraft:apple":39,"minecraft:stone_bricks":487,"minecraft:kelp":606,"minecraft:warped_stem":62,"minecraft:yellow_stained_glass":2,"minecraft:oak_fence_gate":3,"minecraft:iron_ore":1471,"minecraft:magenta_stained_glass":7,"minecraft:glass_bottle":15,"minecraft:iron_sword":28,"minecraft:dark_oak_stairs":12,"minecraft:dark_oak_slab":956,"minecraft:light_gray_stained_glass":3,"minecraft:sweet_berries":555,"minecraft:red_wool":20,"minecraft:gravel":720,"minecraft:birch_stairs":26,"minecraft:spruce_sapling":8,"minecraft:spruce_log":150,"minecraft:light_blue_stained_glass":5,"minecraft:crying_obsidian":15,"minecraft:dragon_egg":3,"minecraft:leather_helmet":3,"minecraft:firework_rocket":64,"minecraft:diamond_shovel":10,"minecraft:red_stained_glass":5,"minecraft:coal_ore":153,"minecraft:slime_ball":59,"minecraft:polished_diorite":519,"minecraft:stone_axe":6,"minecraft:light_blue_carpet":1,"minecraft:painting":24,"minecraft:diamond_axe":10,"minecraft:birch_sign":29,"minecraft:gray_wool":2,"minecraft:warped_roots":3,"minecraft:baked_potato":42,"minecraft:crimson_nylium":30,"minecraft:warped_nylium":3,"minecraft:stripped_dark_oak_log":3,"minecraft:pink_dye":1,"minecraft:hopper":20,"minecraft:ender_pearl":1637,"minecraft:shulker_shell":11,"minecraft:wheat":1368,"minecraft:ender_chest":199,"minecraft:nether_brick_fence":26,"minecraft:potion":63,"minecraft:nether_brick":22,"minecraft:gilded_blackstone":6,"minecraft:stone_brick_stairs":49,"minecraft:crimson_planks":32,"minecraft:smooth_stone_slab":285,"minecraft:iron_leggings":11,"minecraft:netherite_ingot":2,"minecraft:oak_sign":2,"minecraft:black_shulker_box":227,"minecraft:smooth_stone":807,"minecraft:comparator":1,"minecraft:bucket":3,"minecraft:dark_oak_leaves":150,"minecraft:white_tulip":34,"minecraft:rose_bush":9,"minecraft:redstone_torch":39,"minecraft:cobblestone_slab":47,"minecraft:ender_eye":1,"minecraft:iron_pickaxe":22,"minecraft:iron_boots":16,"minecraft:furnace":17,"minecraft:blue_wool":1,"minecraft:stick":754,"minecraft:brown_terracotta":40,"minecraft:oak_fence":76,"minecraft:torch":1286,"minecraft:porkchop":19,"minecraft:netherite_shovel":2,"minecraft:diorite":1608,"minecraft:blue_stained_glass":3,"minecraft:quartz_block":130,"minecraft:nether_gold_ore":100,"minecraft:cactus":47,"minecraft:rotten_flesh":1309,"minecraft:green_wool":3,"minecraft:obsidian":187,"minecraft:cobblestone":16468,"minecraft:blaze_powder":7,"minecraft:enchanting_table":2,"minecraft:leather_chestplate":6,"minecraft:repeater":11,"minecraft:magma_cream":91,"minecraft:andesite":1192,"minecraft:golden_leggings":11,"minecraft:beacon":4,"minecraft:chiseled_quartz_block":5,"minecraft:potato":1316,"minecraft:light_gray_dye":1,"minecraft:wither_skeleton_skull":14,"minecraft:lapis_lazuli":1028,"minecraft:dirt":11148,"minecraft:polished_granite":40,"minecraft:name_tag":1,"minecraft:leather_boots":5,"minecraft:glass":268,"minecraft:bone":2405,"minecraft:acacia_planks":90,"minecraft:bow":155,"minecraft:wheat_seeds":3836,"minecraft:orange_tulip":27,"minecraft:light_blue_dye":2,"minecraft:grindstone":1,"minecraft:netherite_axe":1,"minecraft:mossy_stone_bricks":5,"minecraft:fletching_table":11,"minecraft:bamboo":539,"minecraft:powered_rail":47,"minecraft:stone_hoe":1,"minecraft:oak_planks":111,"minecraft:pink_stained_glass":5,"minecraft:ghast_tear":5,"minecraft:cooked_porkchop":9,"minecraft:brown_stained_glass":2,"minecraft:poisonous_potato":10,"minecraft:black_stained_glass_pane":43,"minecraft:sand":1336,"minecraft:melon":28,"minecraft:nether_brick_stairs":96,"minecraft:lily_of_the_valley":7,"minecraft:grass_block":99,"minecraft:spectral_arrow":1,"minecraft:light_gray_terracotta":9,"minecraft:sugar":4,"minecraft:diamond":178,"minecraft:netherite_helmet":6,"minecraft:crossbow":2,"minecraft:grass":1,"minecraft:bone_meal":125,"minecraft:golden_apple":10,"minecraft:emerald":179,"minecraft:oak_sapling":209,"minecraft:netherrack":9965,"minecraft:oak_leaves":12,"minecraft:nether_star":4,"minecraft:end_stone_bricks":96,"minecraft:allium":26,"minecraft:azure_bluet":96,"minecraft:chicken":18,"minecraft:ladder":15,"minecraft:brown_mushroom":35,"minecraft:pink_wool":16,"minecraft:stone_brick_wall":12,"minecraft:gold_block":6,"minecraft:chain":8,"minecraft:shield":19,"minecraft:orange_stained_glass":1,"minecraft:oak_trapdoor":1,"minecraft:iron_axe":15,"minecraft:quartz_slab":20,"minecraft:item_frame":6,"minecraft:birch_fence":12,"minecraft:blackstone":816,"minecraft:detector_rail":1,"minecraft:oak_boat":28,"minecraft:observer":34,"minecraft:lectern":230,"minecraft:sugar_cane":7992,"minecraft:phantom_membrane":52,"minecraft:dark_oak_sapling":74,"minecraft:end_stone":554,"minecraft:red_stained_glass_pane":8,"minecraft:brown_glazed_terracotta":58,"minecraft:polished_blackstone_bricks":270,"minecraft:quartz_pillar":18,"minecraft:stone_button":2,"minecraft:stone_pressure_plate":1,"minecraft:dark_oak_planks":1212,"minecraft:arrow":2756,"minecraft:weeping_vines":6,"minecraft:nether_bricks":1252,"minecraft:pink_tulip":1,"minecraft:saddle":4,"minecraft:lime_stained_glass":4,"minecraft:netherite_boots":6,"minecraft:dark_oak_button":2,"minecraft:basalt":1656,"minecraft:crimson_stem":96,"minecraft:salmon":67,"minecraft:leather":1158,"minecraft:cut_sandstone":227,"minecraft:birch_planks":34,"minecraft:crimson_fungus":29,"minecraft:chainmail_chestplate":3,"minecraft:nether_wart_block":5,"minecraft:gunpowder":254,"minecraft:cobblestone_stairs":226,"minecraft:smooth_sandstone":3,"minecraft:red_carpet":24,"minecraft:rabbit_hide":2,"minecraft:iron_ingot":290,"minecraft:acacia_sapling":36,"minecraft:soul_sand":498,"minecraft:book":128,"minecraft:scaffolding":129,"minecraft:warped_fungus":1,"minecraft:nether_quartz_ore":210,"minecraft:birch_boat":3,"minecraft:pumpkin":28,"minecraft:chiseled_stone_bricks":16,"minecraft:stone_brick_slab":11,"minecraft:quartz":1318,"minecraft:dandelion":139,"minecraft:magenta_stained_glass_pane":8,"minecraft:lava_bucket":4,"minecraft:green_stained_glass":3,"minecraft:blast_furnace":6,"minecraft:white_bed":39,"minecraft:nether_brick_slab":6,"minecraft:gold_ore":335,"minecraft:dark_oak_fence_gate":1,"minecraft:spider_eye":64,"minecraft:polished_diorite_stairs":2,"minecraft:pumpkin_seeds":4,"minecraft:chainmail_leggings":2,"minecraft:iron_helmet":12,"minecraft:black_wool":2,"minecraft:coal":4330,"minecraft:sunflower":229},"minecraft:killed":{"minecraft:cave_spider":2,"minecraft:shulker":14,"minecraft:skeleton":2301,"minecraft:chicken":3,"minecraft:magma_cube":180,"minecraft:salmon":67,"minecraft:iron_golem":1,"minecraft:ender_dragon":1,"minecraft:pillager":33,"minecraft:zombie":530,"minecraft:cow":409,"minecraft:evoker":5,"minecraft:endermite":1,"minecraft:vindicator":13,"minecraft:husk":8,"minecraft:ravager":4,"minecraft:enderman":2075,"minecraft:zombified_piglin":295,"minecraft:witch":8,"minecraft:spider":76,"minecraft:wither":1,"minecraft:silverfish":33,"minecraft:piglin":35,"minecraft:pig":10,"minecraft:zombie_villager":6,"minecraft:creeper":83,"minecraft:sheep":8,"minecraft:ghast":12,"minecraft:blaze":134,"minecraft:vex":1,"minecraft:slime":11,"minecraft:phantom":54,"minecraft:drowned":12,"minecraft:bat":1,"minecraft:hoglin":2,"minecraft:squid":46,"minecraft:wither_skeleton":176,"minecraft:villager":1},"minecraft:used":{"minecraft:peony":8,"minecraft:nether_brick_fence":1,"minecraft:polished_blackstone":152,"minecraft:dispenser":25,"minecraft:spruce_slab":11,"minecraft:ladder":176,"minecraft:poppy":5,"minecraft:black_carpet":6,"minecraft:chest":197,"minecraft:stone":877,"minecraft:soul_sand":447,"minecraft:acacia_sapling":17,"minecraft:blue_stained_glass":16,"minecraft:orange_wool":7,"minecraft:azure_bluet":3,"minecraft:allium":7,"minecraft:netherite_shovel":6844,"minecraft:lava_bucket":5,"minecraft:grass_block":84,"minecraft:quartz_pillar":32,"minecraft:red_wool":7,"minecraft:black_stained_glass_pane":99,"minecraft:quartz_block":207,"minecraft:dark_oak_leaves":23,"minecraft:dark_oak_slab":1167,"minecraft:dark_oak_button":8,"minecraft:pink_wool":7,"minecraft:stone_brick_stairs":25,"minecraft:red_stained_glass_pane":14,"minecraft:bow":1664,"minecraft:dark_oak_boat":65,"minecraft:furnace":32,"minecraft:sweet_berries":201,"minecraft:oak_sapling":74,"minecraft:egg":6,"minecraft:potato":558,"minecraft:dragon_head":1,"minecraft:diorite":16,"minecraft:end_stone_bricks":183,"minecraft:light_blue_carpet":7,"minecraft:mossy_stone_bricks":4,"minecraft:powered_rail":92,"minecraft:red_stained_glass":19,"minecraft:blackstone":8,"minecraft:cactus":15,"minecraft:orange_tulip":3,"minecraft:wooden_pickaxe":14,"minecraft:composter":7,"minecraft:purpur_pillar":1,"minecraft:oak_leaves":12,"minecraft:golden_apple":4,"minecraft:respawn_anchor":1,"minecraft:dark_oak_trapdoor":113,"minecraft:sand":30,"minecraft:blast_furnace":10,"minecraft:chiseled_quartz_block":11,"minecraft:birch_fence":2,"minecraft:cyan_carpet":6,"minecraft:lectern":238,"minecraft:polished_granite":54,"minecraft:magenta_stained_glass_pane":88,"minecraft:diamond_sword":797,"minecraft:wooden_sword":9,"minecraft:smithing_table":12,"minecraft:dark_oak_fence":116,"minecraft:white_stained_glass":31,"minecraft:pink_stained_glass":17,"minecraft:oak_boat":28,"minecraft:ice":1,"minecraft:gray_stained_glass":12,"minecraft:purple_wool":7,"minecraft:oak_trapdoor":2,"minecraft:polished_blackstone_brick_slab":73,"minecraft:stone_sword":163,"minecraft:enchanting_table":4,"minecraft:acacia_log":140,"minecraft:armor_stand":6,"minecraft:light_gray_carpet":6,"minecraft:cooked_salmon":30,"minecraft:torch":1783,"minecraft:netherrack":1772,"minecraft:orange_stained_glass":13,"minecraft:brewing_stand":2,"minecraft:anvil":9,"minecraft:nether_quartz_ore":242,"minecraft:twisting_vines":2,"minecraft:yellow_carpet":6,"minecraft:nether_brick_slab":39,"minecraft:cod_bucket":1,"minecraft:oak_fence_gate":12,"minecraft:nether_brick_stairs":101,"minecraft:polished_diorite":1325,"minecraft:shroomlight":5,"minecraft:iron_block":391,"minecraft:iron_axe":987,"minecraft:totem_of_undying":1,"minecraft:barrel":5,"minecraft:bamboo":91,"minecraft:gray_glazed_terracotta":3,"minecraft:glowstone":13,"minecraft:basalt":298,"minecraft:magenta_wool":7,"minecraft:beef":1,"minecraft:acacia_planks":242,"minecraft:observer":99,"minecraft:wheat_seeds":1274,"minecraft:water_bucket":665,"minecraft:birch_planks":2,"minecraft:cartography_table":4,"minecraft:lead":2,"minecraft:lime_wool":7,"minecraft:fletching_table":12,"minecraft:polished_blackstone_bricks":741,"minecraft:gilded_blackstone":1,"minecraft:rail":586,"minecraft:orange_carpet":6,"minecraft:tnt":141,"minecraft:crafting_table":80,"minecraft:comparator":4,"minecraft:birch_sign":8,"minecraft:oak_slab":1,"minecraft:white_bed":24,"minecraft:dark_oak_fence_gate":4,"minecraft:spruce_log":2,"minecraft:oak_log":7,"minecraft:oxeye_daisy":5,"minecraft:warped_trapdoor":4,"minecraft:diamond_pickaxe":19291,"minecraft:cornflower":5,"minecraft:diamond_shovel":9788,"minecraft:acacia_sign":7,"minecraft:sunflower":18,"minecraft:iron_pickaxe":5368,"minecraft:spruce_sapling":7,"minecraft:chiseled_stone_bricks":18,"minecraft:blue_carpet":6,"minecraft:green_carpet":6,"minecraft:cobblestone":3954,"minecraft:potion":17,"minecraft:porkchop":2,"minecraft:glass_pane":255,"minecraft:dandelion":1,"minecraft:kelp":236,"minecraft:jukebox":2,"minecraft:green_stained_glass":15,"minecraft:iron_shovel":607,"minecraft:oak_sign":2,"minecraft:shield":108,"minecraft:polished_basalt":305,"minecraft:iron_sword":1229,"minecraft:nether_wart":107,"minecraft:grass":1,"minecraft:nether_bricks":1381,"minecraft:cyan_wool":8,"minecraft:obsidian":45,"minecraft:glass":530,"minecraft:coal_ore":129,"minecraft:quartz_slab":20,"minecraft:lantern":10,"minecraft:green_wool":11,"minecraft:hopper_minecart":21,"minecraft:stone_bricks":1942,"minecraft:item_frame":45,"minecraft:repeater":20,"minecraft:redstone_lamp":6,"minecraft:red_carpet":6,"minecraft:magma_block":5,"minecraft:brown_carpet":6,"minecraft:scaffolding":126,"minecraft:gold_block":1,"minecraft:polished_diorite_stairs":13,"minecraft:polished_blackstone_stairs":40,"minecraft:dark_oak_sapling":27,"minecraft:dark_oak_stairs":21,"minecraft:chiseled_polished_blackstone":5,"minecraft:stone_pickaxe":919,"minecraft:wither_skeleton_skull":10,"minecraft:stripped_acacia_log":1,"minecraft:gray_carpet":6,"minecraft:dark_oak_sign":33,"minecraft:birch_leaves":1,"minecraft:oak_planks":126,"minecraft:polished_diorite_slab":1274,"minecraft:ender_pearl":53,"minecraft:sandstone":262,"minecraft:sugar_cane":305,"minecraft:diamond_axe":4210,"minecraft:white_wool":14,"minecraft:light_blue_wool":7,"minecraft:light_gray_terracotta":9,"minecraft:stone_brick_wall":9,"minecraft:lime_carpet":6,"minecraft:note_block":2,"minecraft:end_stone":346,"minecraft:shears":135,"minecraft:bread":42,"minecraft:dark_oak_log":140,"minecraft:redstone_torch":96,"minecraft:lever":10,"minecraft:firework_rocket":25,"minecraft:brown_stained_glass":14,"minecraft:string":2,"minecraft:brown_wool":11,"minecraft:gravel":12,"minecraft:iron_door":5,"minecraft:andesite":13,"minecraft:grindstone":2,"minecraft:chain":8,"minecraft:crimson_door":2,"minecraft:smooth_stone_slab":790,"minecraft:tropical_fish_bucket":4,"minecraft:bone_meal":631,"minecraft:netherite_sword":4915,"minecraft:oak_fence":78,"minecraft:purpur_block":2,"minecraft:rose_bush":1,"minecraft:white_tulip":6,"minecraft:flint_and_steel":6,"minecraft:stone_shovel":215,"minecraft:redstone":122,"minecraft:spruce_planks":193,"minecraft:ender_chest":199,"minecraft:stone_hoe":213,"minecraft:dirt":7411,"minecraft:white_carpet":12,"minecraft:hopper":74,"minecraft:pink_carpet":7,"minecraft:salmon_bucket":1,"minecraft:light_blue_stained_glass":19,"minecraft:granite":26,"minecraft:birch_door":1,"minecraft:brown_terracotta":42,"minecraft:iron_hoe":170,"minecraft:dark_oak_planks":3427,"minecraft:stone_brick_slab":9,"minecraft:bookshelf":41,"minecraft:red_tulip":8,"minecraft:light_gray_stained_glass":15,"minecraft:yellow_stained_glass":14,"minecraft:polished_blackstone_brick_stairs":12,"minecraft:crimson_planks":61,"minecraft:light_gray_wool":7,"minecraft:black_stained_glass":16,"minecraft:soul_soil":44,"minecraft:lime_stained_glass":18,"minecraft:minecart":70,"minecraft:netherite_pickaxe":43563,"minecraft:cooked_beef":995,"minecraft:cooked_mutton":6,"minecraft:quartz_bricks":30,"minecraft:iron_ore":1,"minecraft:cobblestone_stairs":46,"minecraft:snow_block":8,"minecraft:polished_andesite":82,"minecraft:glass_bottle":55,"minecraft:baked_potato":18,"minecraft:blue_wool":8,"minecraft:birch_boat":4,"minecraft:cut_sandstone":438,"minecraft:black_shulker_box":224,"minecraft:magenta_stained_glass":19,"minecraft:beacon":6,"minecraft:stonecutter":7,"minecraft:cobblestone_slab":29,"minecraft:warped_roots":1,"minecraft:music_disc_cat":21,"minecraft:painting":25,"minecraft:cyan_stained_glass":14,"minecraft:magenta_carpet":6,"minecraft:brown_glazed_terracotta":58,"minecraft:dark_oak_door":13,"minecraft:smoker":8,"minecraft:warped_planks":115,"minecraft:nether_gold_ore":93,"minecraft:flower_pot":4,"minecraft:black_wool":9,"minecraft:piston":50,"minecraft:purple_stained_glass":16,"minecraft:acacia_stairs":5,"minecraft:gray_terracotta":48,"minecraft:apple":1,"minecraft:map":1,"minecraft:netherite_axe":259,"minecraft:lapis_ore":4,"minecraft:stone_slab":5,"minecraft:yellow_wool":7,"minecraft:stone_axe":385,"minecraft:fishing_rod":1,"minecraft:white_banner":5,"minecraft:bucket":696,"minecraft:splash_potion":8,"minecraft:purple_carpet":6,"minecraft:gray_wool":7,"minecraft:birch_stairs":36,"minecraft:smooth_stone":1703},"minecraft:broken":{"minecraft:iron_boots":1,"minecraft:iron_leggings":1,"minecraft:iron_sword":4,"minecraft:stone_sword":1,"minecraft:stone_hoe":1,"minecraft:iron_axe":2,"minecraft:iron_pickaxe":17,"minecraft:iron_helmet":3,"minecraft:iron_shovel":1,"minecraft:golden_leggings":1,"minecraft:stone_pickaxe":6,"minecraft:stone_axe":2,"minecraft:stone_shovel":1},"minecraft:mined":{"minecraft:dark_oak_planks":836,"minecraft:white_bed":38,"minecraft:obsidian":139,"minecraft:light_blue_carpet":1,"minecraft:granite":674,"minecraft:acacia_log":218,"minecraft:stone_brick_wall":15,"minecraft:brown_wool":4,"minecraft:pink_stained_glass":5,"minecraft:lime_stained_glass":5,"minecraft:oxeye_daisy":25,"minecraft:blue_wool":1,"minecraft:hopper":16,"minecraft:crimson_fungus":13,"minecraft:chiseled_stone_bricks":8,"minecraft:oak_wall_sign":2,"minecraft:nether_wart":84,"minecraft:red_stained_glass_pane":8,"minecraft:spawner":1,"minecraft:light_blue_stained_glass":5,"minecraft:weeping_vines_plant":6,"minecraft:polished_blackstone_bricks":277,"minecraft:tall_seagrass":17,"minecraft:magma_block":201,"minecraft:dark_oak_trapdoor":38,"minecraft:brown_stained_glass":2,"minecraft:barrel":2,"minecraft:fire":133,"minecraft:pumpkin":26,"minecraft:fletching_table":11,"minecraft:nether_brick_stairs":96,"minecraft:enchanting_table":2,"minecraft:quartz_slab":18,"minecraft:pink_tulip":5,"minecraft:iron_block":303,"minecraft:tripwire":2,"minecraft:cut_sandstone":165,"minecraft:brown_mushroom":19,"minecraft:kelp_plant":28,"minecraft:crimson_nylium":41,"minecraft:smoker":4,"minecraft:soul_fire":4,"minecraft:blue_stained_glass":4,"minecraft:torch":190,"minecraft:blast_furnace":6,"minecraft:melon":28,"minecraft:dead_bush":6,"minecraft:nether_brick_slab":8,"minecraft:polished_diorite_slab":185,"minecraft:glass":68,"minecraft:sugar_cane":4705,"minecraft:polished_diorite_stairs":2,"minecraft:chain":4,"minecraft:cyan_wool":1,"minecraft:repeater":5,"minecraft:light_gray_stained_glass":3,"minecraft:wheat":1146,"minecraft:jukebox":2,"minecraft:warped_fungus":1,"minecraft:stone_brick_stairs":45,"minecraft:grass":1301,"minecraft:oak_fence_gate":4,"minecraft:dark_oak_sapling":7,"minecraft:red_mushroom_block":140,"minecraft:stonecutter":6,"minecraft:yellow_stained_glass":2,"minecraft:piston":2,"minecraft:mossy_cobblestone":37,"minecraft:dark_oak_log":2025,"minecraft:cyan_stained_glass":2,"minecraft:end_stone":302,"minecraft:nether_bricks":1315,"minecraft:dark_oak_fence":35,"minecraft:allium":15,"minecraft:crimson_roots":9,"minecraft:redstone_wire":52,"minecraft:kelp":17,"minecraft:cartography_table":3,"minecraft:magenta_stained_glass_pane":8,"minecraft:black_stained_glass_pane":39,"minecraft:redstone_ore":416,"minecraft:snow":188,"minecraft:andesite":1040,"minecraft:potatoes":256,"minecraft:vine":20,"minecraft:cobblestone_slab":26,"minecraft:respawn_anchor":1,"minecraft:rail":376,"minecraft:warped_stem":62,"minecraft:bamboo_sapling":2,"minecraft:bamboo":71,"minecraft:bone_block":12,"minecraft:white_wool":1,"minecraft:green_wool":4,"minecraft:ender_chest":194,"minecraft:smithing_table":11,"minecraft:birch_stairs":26,"minecraft:glass_pane":43,"minecraft:soul_sand":515,"minecraft:lily_of_the_valley":13,"minecraft:stone_brick_slab":9,"minecraft:observer":38,"minecraft:dandelion":10,"minecraft:smooth_sandstone":4,"minecraft:cornflower":17,"minecraft:emerald_ore":22,"minecraft:warped_roots":1,"minecraft:tall_grass":171,"minecraft:potted_oxeye_daisy":2,"minecraft:purpur_pillar":9,"minecraft:diorite":1692,"minecraft:warped_wart_block":53,"minecraft:black_stained_glass":2,"minecraft:dark_oak_wall_sign":14,"minecraft:purple_stained_glass":4,"minecraft:white_carpet":3,"minecraft:spruce_log":154,"minecraft:birch_leaves":31,"minecraft:quartz_pillar":18,"minecraft:dark_oak_button":2,"minecraft:sunflower":125,"minecraft:gravel":1038,"minecraft:cobweb":78,"minecraft:brown_terracotta":40,"minecraft:acacia_planks":91,"minecraft:polished_blackstone":67,"minecraft:stone_bricks":435,"minecraft:gold_ore":203,"minecraft:infested_stone":23,"minecraft:black_shulker_box":224,"minecraft:spruce_planks":41,"minecraft:stone_pressure_plate":1,"minecraft:oak_sapling":3,"minecraft:farmland":3,"minecraft:cobblestone_stairs":156,"minecraft:orange_stained_glass":1,"minecraft:brewing_stand":1,"minecraft:grass_block":9898,"minecraft:cracked_polished_blackstone_bricks":4,"minecraft:soul_soil":688,"minecraft:polished_blackstone_brick_slab":3,"minecraft:polished_diorite":498,"minecraft:composter":4,"minecraft:gilded_blackstone":2,"minecraft:smooth_stone":603,"minecraft:glowstone":101,"minecraft:iron_ore":992,"minecraft:anvil":5,"minecraft:azure_bluet":10,"minecraft:dark_oak_stairs":12,"minecraft:green_stained_glass":3,"minecraft:red_tulip":13,"minecraft:brown_glazed_terracotta":58,"minecraft:birch_wall_sign":2,"minecraft:end_stone_bricks":88,"minecraft:spruce_slab":7,"minecraft:gray_terracotta":44,"minecraft:quartz_block":143,"minecraft:blackstone":944,"minecraft:twisting_vines_plant":3,"minecraft:orange_terracotta":1,"minecraft:chiseled_quartz_block":5,"minecraft:clay":436,"minecraft:light_gray_terracotta":9,"minecraft:poppy":19,"minecraft:beacon":4,"minecraft:chest":46,"minecraft:wither_skeleton_wall_skull":2,"minecraft:mushroom_stem":24,"minecraft:cobblestone":2057,"minecraft:nether_quartz_ore":1055,"minecraft:oak_planks":56,"minecraft:iron_door":4,"minecraft:wall_torch":153,"minecraft:seagrass":13,"minecraft:warped_nylium":14,"minecraft:acacia_sapling":1,"minecraft:powered_rail":35,"minecraft:dark_oak_slab":492,"minecraft:nether_wart_block":5,"minecraft:dark_oak_door":8,"minecraft:warped_planks":70,"minecraft:birch_log":40,"minecraft:tnt":20,"minecraft:orange_tulip":7,"minecraft:smooth_stone_slab":228,"minecraft:oak_log":387,"minecraft:sand":1398,"minecraft:dirt":3875,"minecraft:crimson_planks":25,"minecraft:dispenser":1,"minecraft:netherrack":27094,"minecraft:ancient_debris":32,"minecraft:oak_leaves":476,"minecraft:redstone_lamp":1,"minecraft:nether_gold_ore":403,"minecraft:crying_obsidian":3,"minecraft:diamond_ore":56,"minecraft:red_carpet":23,"minecraft:pink_carpet":1,"minecraft:dark_oak_leaves":267,"minecraft:red_stained_glass":5,"minecraft:gray_glazed_terracotta":3,"minecraft:lever":7,"minecraft:ladder":12,"minecraft:weeping_vines":5,"minecraft:white_stained_glass":7,"minecraft:brown_mushroom_block":89,"minecraft:spruce_leaves":32,"minecraft:sandstone":674,"minecraft:crimson_stem":100,"minecraft:large_fern":10,"minecraft:oak_trapdoor":1,"minecraft:furnace":11,"minecraft:polished_basalt":87,"minecraft:dark_oak_fence_gate":1,"minecraft:peony":10,"minecraft:gold_block":6,"minecraft:nether_brick_fence":71,"minecraft:bookshelf":14,"minecraft:shroomlight":9,"minecraft:crimson_door":2,"minecraft:stripped_acacia_log":3,"minecraft:chorus_plant":1,"minecraft:white_tulip":3,"minecraft:stone":20495,"minecraft:redstone_wall_torch":15,"minecraft:scaffolding":8,"minecraft:acacia_leaves":64,"minecraft:magenta_stained_glass":7,"minecraft:snow_block":7,"minecraft:stripped_dark_oak_log":3,"minecraft:basalt":2365,"minecraft:polished_granite":18,"minecraft:oak_fence":21,"minecraft:crafting_table":39,"minecraft:rose_bush":9,"minecraft:lectern":229,"minecraft:stone_slab":6,"minecraft:quartz_bricks":7,"minecraft:lapis_ore":78,"minecraft:lily_pad":20,"minecraft:polished_blackstone_brick_stairs":8,"minecraft:birch_planks":1,"minecraft:cactus":24,"minecraft:polished_blackstone_stairs":9,"minecraft:redstone_torch":22,"minecraft:sweet_berry_bush":145,"minecraft:white_wall_banner":2,"minecraft:grass_path":8,"minecraft:black_wool":2,"minecraft:coal_ore":1298,"minecraft:end_rod":2,"minecraft:flower_pot":1,"minecraft:cracked_stone_bricks":1,"minecraft:polished_andesite":9,"minecraft:mossy_stone_bricks":5,"minecraft:birch_fence":5},"minecraft:killed_by":{"minecraft:zombie":1,"minecraft:wither":1,"minecraft:zombified_piglin":1,"minecraft:creeper":4,"minecraft:piglin":1,"minecraft:player":1,"minecraft:enderman":3,"minecraft:iron_golem":1,"minecraft:skeleton":2},"minecraft:dropped":{"minecraft:iron_sword":13,"minecraft:porkchop":3,"minecraft:lapis_lazuli":9,"minecraft:cooked_beef":395,"minecraft:glass_bottle":20,"minecraft:diamond":25,"minecraft:crafting_table":13,"minecraft:cooked_porkchop":9,"minecraft:crossbow":1,"minecraft:dark_oak_slab":46,"minecraft:warped_roots":1,"minecraft:quartz_pillar":1,"minecraft:elytra":2,"minecraft:rail":131,"minecraft:leather_helmet":9,"minecraft:red_carpet":24,"minecraft:red_mushroom":1,"minecraft:emerald":88,"minecraft:dirt":1645,"minecraft:stone_button":2,"minecraft:black_stained_glass_pane":5,"minecraft:dark_oak_trapdoor":34,"minecraft:netherite_boots":1,"minecraft:gold_nugget":8,"minecraft:wooden_sword":1,"minecraft:bone_meal":11,"minecraft:bone_block":2,"minecraft:sunflower":34,"minecraft:phantom_membrane":17,"minecraft:sand":10,"minecraft:sugar":1,"minecraft:iron_pickaxe":12,"minecraft:dark_oak_planks":142,"minecraft:fishing_rod":1,"minecraft:dark_oak_boat":4,"minecraft:white_wool":13,"minecraft:bone":661,"minecraft:dark_oak_door":9,"minecraft:stone_axe":9,"minecraft:sugar_cane":433,"minecraft:ancient_debris":6,"minecraft:lever":1,"minecraft:iron_nugget":3,"minecraft:golden_chestplate":12,"minecraft:nether_brick":2,"minecraft:pink_dye":2,"minecraft:netherite_sword":15,"minecraft:wheat":50,"minecraft:obsidian":23,"minecraft:rotten_flesh":429,"minecraft:grindstone":1,"minecraft:oak_planks":53,"minecraft:end_stone":8,"minecraft:blaze_powder":6,"minecraft:azure_bluet":5,"minecraft:nether_brick_fence":5,"minecraft:white_bed":2,"minecraft:salmon":4,"minecraft:coal_ore":6,"minecraft:leather_boots":13,"minecraft:acacia_sapling":1,"minecraft:ladder":90,"minecraft:leather_leggings":13,"minecraft:spruce_slab":5,"minecraft:glass":216,"minecraft:beef":40,"minecraft:stone_brick_stairs":4,"minecraft:egg":2,"minecraft:crimson_planks":10,"minecraft:enchanted_book":19,"minecraft:golden_boots":17,"minecraft:iron_ingot":35,"minecraft:netherite_pickaxe":3,"minecraft:wheat_seeds":670,"minecraft:clock":1,"minecraft:netherite_chestplate":3,"minecraft:netherite_helmet":2,"minecraft:oak_fence":2,"minecraft:iron_helmet":1,"minecraft:feather":3,"minecraft:cobblestone":4531,"minecraft:book":5,"minecraft:granite":281,"minecraft:chainmail_helmet":1,"minecraft:coal":192,"minecraft:golden_apple":5,"minecraft:polished_blackstone_stairs":1,"minecraft:acacia_sign":4,"minecraft:oxeye_daisy":2,"minecraft:ink_sac":5,"minecraft:cooked_salmon":2,"minecraft:diamond_helmet":3,"minecraft:potion":3,"minecraft:dried_kelp":10,"minecraft:pumpkin":2,"minecraft:smooth_stone":210,"minecraft:chainmail_leggings":2,"minecraft:iron_shovel":1,"minecraft:paper":50,"minecraft:string":29,"minecraft:stone_brick_slab":2,"minecraft:furnace":7,"minecraft:soul_soil":39,"minecraft:netherite_ingot":1,"minecraft:polished_diorite_slab":7,"minecraft:stone_sword":12,"minecraft:dark_oak_sign":4,"minecraft:smooth_stone_slab":57,"minecraft:chicken":8,"minecraft:white_carpet":1,"minecraft:clay_ball":4,"minecraft:iron_boots":4,"minecraft:stone_slab":15,"minecraft:name_tag":3,"minecraft:nether_bricks":13,"minecraft:diamond_sword":7,"minecraft:cobblestone_slab":18,"minecraft:potato":613,"minecraft:shroomlight":2,"minecraft:stone":277,"minecraft:spruce_planks":40,"minecraft:diamond_pickaxe":7,"minecraft:redstone_torch":5,"minecraft:stone_bricks":153,"minecraft:bamboo":10,"minecraft:spider_eye":36,"minecraft:light_gray_dye":2,"minecraft:birch_boat":1,"minecraft:bow":270,"minecraft:magma_block":2,"minecraft:gold_ore":5,"minecraft:crimson_nylium":3,"minecraft:soul_sand":6,"minecraft:birch_planks":6,"minecraft:diamond_axe":8,"minecraft:oak_log":81,"minecraft:baked_potato":24,"minecraft:ender_pearl":1179,"minecraft:dark_oak_sapling":4,"minecraft:lantern":11,"minecraft:leather":34,"minecraft:flint":22,"minecraft:cobblestone_stairs":95,"minecraft:dark_oak_log":177,"minecraft:polished_blackstone_brick_stairs":104,"minecraft:cornflower":3,"minecraft:mutton":4,"minecraft:crimson_roots":2,"minecraft:cut_sandstone":19,"minecraft:snowball":63,"minecraft:black_shulker_box":2,"minecraft:gilded_blackstone":5,"minecraft:polished_blackstone_bricks":5,"minecraft:gold_ingot":80,"minecraft:gravel":163,"minecraft:crimson_fungus":1,"minecraft:blackstone":68,"minecraft:twisting_vines":6,"minecraft:diamond_shovel":6,"minecraft:cooked_mutton":5,"minecraft:carrot":3,"minecraft:chainmail_chestplate":1,"minecraft:chiseled_stone_bricks":8,"minecraft:shulker_shell":11,"minecraft:poppy":17,"minecraft:rabbit_hide":2,"minecraft:leather_chestplate":10,"minecraft:gunpowder":19,"minecraft:glowstone":22,"minecraft:birch_door":1,"minecraft:chainmail_boots":2,"minecraft:iron_ore":6,"minecraft:basalt":374,"minecraft:arrow":5002,"minecraft:powered_rail":10,"minecraft:scaffolding":10,"minecraft:quartz":63,"minecraft:splash_potion":1,"minecraft:netherrack":4971,"minecraft:firework_rocket":1,"minecraft:stone_hoe":2,"minecraft:oak_slab":2,"minecraft:golden_helmet":12,"minecraft:minecart":1,"minecraft:diamond_leggings":6,"minecraft:poisonous_potato":10,"minecraft:lead":1,"minecraft:hopper_minecart":1,"minecraft:acacia_log":28,"minecraft:grass_block":8,"minecraft:stick":108,"minecraft:diorite":221,"minecraft:torch":30,"minecraft:repeater":4,"minecraft:nether_wart_block":2,"minecraft:brown_wool":7,"minecraft:iron_door":5,"minecraft:map":1,"minecraft:polished_blackstone_brick_slab":2,"minecraft:iron_axe":6,"minecraft:bucket":2,"minecraft:dandelion":5,"minecraft:redstone":278,"minecraft:polished_diorite":15,"minecraft:nether_brick_slab":7,"minecraft:anvil":1,"minecraft:sweet_berries":85,"minecraft:kelp":4,"minecraft:warped_nylium":1,"minecraft:ender_chest":3,"minecraft:nether_wart":2,"minecraft:blaze_rod":2,"minecraft:wither_skeleton_skull":1,"minecraft:ender_eye":2,"minecraft:totem_of_undying":2,"minecraft:netherite_leggings":2,"minecraft:shield":4,"minecraft:diamond_chestplate":9,"minecraft:dragon_egg":2,"minecraft:iron_chestplate":4,"minecraft:andesite":340,"minecraft:pink_wool":16,"minecraft:golden_leggings":14,"minecraft:oak_boat":2,"minecraft:oak_sapling":11,"minecraft:golden_sword":24,"minecraft:diamond_boots":4,"minecraft:stripped_acacia_log":2,"minecraft:beacon":2,"minecraft:stone_pickaxe":1,"minecraft:wooden_pickaxe":1,"minecraft:brick":2},"minecraft:crafted":{"minecraft:ender_chest":8,"minecraft:lime_stained_glass":24,"minecraft:red_stained_glass_pane":8,"minecraft:black_dye":35,"minecraft:smooth_stone":1762,"minecraft:orange_carpet":6,"minecraft:orange_stained_glass":16,"minecraft:blaze_powder":66,"minecraft:birch_boat":2,"minecraft:lever":7,"minecraft:diamond_shovel":1,"minecraft:bookshelf":48,"minecraft:nether_brick":734,"minecraft:gray_wool":1,"minecraft:cooked_mutton":16,"minecraft:glass":1290,"minecraft:quartz_block":209,"minecraft:repeater":19,"minecraft:diamond_helmet":4,"minecraft:diamond_leggings":5,"minecraft:beacon":4,"minecraft:polished_blackstone":552,"minecraft:iron_door":3,"minecraft:birch_door":3,"minecraft:dried_kelp_block":267,"minecraft:black_wool":7,"minecraft:magenta_dye":18,"minecraft:gray_stained_glass":16,"minecraft:name_tag":3,"minecraft:flower_pot":6,"minecraft:pink_stained_glass":16,"minecraft:glass_bottle":66,"minecraft:blue_stained_glass":16,"minecraft:redstone_lamp":5,"minecraft:emerald":1454,"minecraft:cooked_porkchop":14,"minecraft:diamond_axe":2,"minecraft:smithing_table":1,"minecraft:fletching_table":2,"minecraft:green_stained_glass":16,"minecraft:fire_coral_block":5,"minecraft:painting":1,"minecraft:cartography_table":1,"minecraft:stone_brick_stairs":12,"minecraft:lectern":8,"minecraft:stone_slab":18,"minecraft:compass":2,"minecraft:iron_pickaxe":32,"minecraft:iron_block":189,"minecraft:gold_ingot":426,"minecraft:light_gray_dye":71,"minecraft:netherite_ingot":9,"minecraft:composter":3,"minecraft:birch_stairs":12,"minecraft:stone_shovel":2,"minecraft:smooth_stone_slab":643,"minecraft:iron_nugget":3,"minecraft:bone_meal":4886,"minecraft:cyan_stained_glass":16,"minecraft:pink_dye":8,"minecraft:white_carpet":9,"minecraft:warped_trapdoor":4,"minecraft:terracotta":298,"minecraft:lantern":10,"minecraft:dark_oak_fence":93,"minecraft:polished_diorite":1512,"minecraft:ladder":303,"minecraft:spruce_slab":12,"minecraft:stone_pickaxe":7,"minecraft:diamond_boots":5,"minecraft:quartz_slab":6,"minecraft:redstone_block":107,"minecraft:purple_carpet":6,"minecraft:dark_oak_planks":6501,"minecraft:lead":8,"minecraft:allium":6,"minecraft:coal_block":90,"minecraft:crossbow":2,"minecraft:light_gray_terracotta":8,"minecraft:polished_blackstone_brick_slab":72,"minecraft:enchanting_table":2,"minecraft:crimson_slab":12,"minecraft:magenta_stained_glass":32,"minecraft:polished_granite":152,"minecraft:polished_blackstone_stairs":36,"minecraft:dark_oak_button":6,"minecraft:acacia_stairs":8,"minecraft:red_carpet":6,"minecraft:enchanted_book":58,"minecraft:white_stained_glass":24,"minecraft:orange_dye":54,"minecraft:light_blue_carpet":6,"minecraft:oak_fence_gate":9,"minecraft:red_stained_glass":24,"minecraft:golden_apple":20,"minecraft:acacia_sign":6,"minecraft:fermented_spider_eye":6,"minecraft:armor_stand":6,"minecraft:black_stained_glass_pane":112,"minecraft:iron_shovel":7,"minecraft:iron_leggings":7,"minecraft:white_bed":2,"minecraft:note_block":2,"minecraft:nether_brick_stairs":24,"minecraft:blue_carpet":6,"minecraft:brick":128,"minecraft:grindstone":2,"minecraft:oak_planks":1390,"minecraft:cobblestone_slab":36,"minecraft:barrel":3,"minecraft:dark_oak_boat":17,"minecraft:cooked_chicken":7,"minecraft:cobblestone_stairs":84,"minecraft:stone":2545,"minecraft:pink_carpet":6,"minecraft:warped_planks":232,"minecraft:green_dye":5,"minecraft:brown_carpet":6,"minecraft:dark_oak_door":15,"minecraft:hopper":78,"minecraft:brown_stained_glass":16,"minecraft:bow":36,"minecraft:iron_boots":6,"minecraft:comparator":3,"minecraft:polished_basalt":288,"minecraft:chest":222,"minecraft:rail":400,"minecraft:stone_hoe":2,"minecraft:ender_eye":9,"minecraft:stone_bricks":2076,"minecraft:oak_fence":99,"minecraft:polished_diorite_slab":1159,"minecraft:respawn_anchor":1,"minecraft:golden_boots":1,"minecraft:smoker":4,"minecraft:oak_slab":18,"minecraft:item_frame":44,"minecraft:cauldron":1,"minecraft:map":2,"minecraft:crafting_table":33,"minecraft:spruce_planks":492,"minecraft:wooden_pickaxe":1,"minecraft:iron_helmet":7,"minecraft:baked_potato":268,"minecraft:brown_dye":9,"minecraft:gold_block":9,"minecraft:hopper_minecart":23,"minecraft:brewing_stand":1,"minecraft:birch_planks":124,"minecraft:yellow_stained_glass":16,"minecraft:sea_pickle":5,"minecraft:brown_glazed_terracotta":6,"minecraft:dispenser":24,"minecraft:tnt":137,"minecraft:dark_oak_slab":592,"minecraft:purple_dye":14,"minecraft:iron_chestplate":6,"minecraft:book":1186,"minecraft:emerald_block":57,"minecraft:paper":9203,"minecraft:diamond_pickaxe":3,"minecraft:yellow_dye":70,"minecraft:shield":4,"minecraft:gray_terracotta":40,"minecraft:stick":2799,"minecraft:warped_slab":18,"minecraft:light_blue_dye":2,"minecraft:iron_ingot":1601,"minecraft:stone_sword":2,"minecraft:snow_block":25,"minecraft:light_blue_stained_glass":16,"minecraft:lime_carpet":6,"minecraft:redstone_torch":118,"minecraft:gray_carpet":6,"minecraft:cyan_carpet":6,"minecraft:light_gray_carpet":6,"minecraft:dark_oak_fence_gate":3,"minecraft:polished_diorite_stairs":12,"minecraft:shears":83,"minecraft:green_carpet":6,"minecraft:polished_andesite":128,"minecraft:wooden_sword":1,"minecraft:gray_glazed_terracotta":3,"minecraft:nether_brick_slab":42,"minecraft:redstone":243,"minecraft:coal":756,"minecraft:fishing_rod":1,"minecraft:light_gray_stained_glass":16,"minecraft:furnace":32,"minecraft:blast_furnace":4,"minecraft:piston":51,"minecraft:dark_oak_trapdoor":120,"minecraft:gray_dye":10,"minecraft:dark_oak_sign":27,"minecraft:magenta_stained_glass_pane":80,"minecraft:glass_pane":568,"minecraft:oak_trapdoor":2,"minecraft:flint_and_steel":1,"minecraft:scaffolding":24,"minecraft:iron_axe":8,"minecraft:iron_hoe":2,"minecraft:lime_dye":5,"minecraft:netherite_scrap":33,"minecraft:observer":56,"minecraft:minecart":23,"minecraft:cooked_beef":1239,"minecraft:sugar":64,"minecraft:red_dye":72,"minecraft:crimson_planks":128,"minecraft:diamond_sword":5,"minecraft:cyan_dye":4,"minecraft:purple_stained_glass":16,"minecraft:dark_oak_stairs":36,"minecraft:powered_rail":72,"minecraft:yellow_carpet":6,"minecraft:iron_sword":11,"minecraft:nether_bricks":176,"minecraft:cooked_salmon":42,"minecraft:bucket":11,"minecraft:stone_axe":7,"minecraft:brown_terracotta":40,"minecraft:bread":42,"minecraft:air":0,"minecraft:jungle_planks":4,"minecraft:black_stained_glass":24,"minecraft:blue_dye":67,"minecraft:oak_boat":3,"minecraft:gold_nugget":2,"minecraft:white_dye":31,"minecraft:black_carpet":9,"minecraft:anvil":6,"minecraft:stonecutter":2,"minecraft:crimson_door":3,"minecraft:acacia_planks":192,"minecraft:torch":1394,"minecraft:magenta_carpet":6,"minecraft:lapis_lazuli":369,"minecraft:clay":313,"minecraft:lapis_block":52,"minecraft:diamond_chestplate":5,"minecraft:firework_rocket":867}},"DataVersion":2567}