{"stats":{"minecraft:custom":{"minecraft:interact_with_anvil":1,"minecraft:mob_kills":154,"minecraft:animals_bred":29,"minecraft:inspect_hopper":2,"minecraft:interact_with_crafting_table":153,"minecraft:open_barrel":1,"minecraft:leave_game":78,"minecraft:time_since_death":786,"minecraft:climb_one_cm":142950,"minecraft:sprint_one_cm":1977957,"minecraft:walk_one_cm":4103832,"minecraft:damage_blocked_by_shield":970,"minecraft:drop":93,"minecraft:talked_to_villager":4,"minecraft:deaths":12,"minecraft:sneak_time":2310,"minecraft:walk_under_water_one_cm":118048,"minecraft:boat_one_cm":128062,"minecraft:jump":7200,"minecraft:walk_on_water_one_cm":136403,"minecraft:enchant_item":1,"minecraft:interact_with_furnace":144,"minecraft:play_one_minute":907181,"minecraft:interact_with_grindstone":16,"minecraft:sleep_in_bed":41,"minecraft:time_since_rest":880,"minecraft:damage_taken":7091,"minecraft:minecart_one_cm":8998,"minecraft:damage_dealt":11090,"minecraft:swim_one_cm":116526,"minecraft:fly_one_cm":553963,"minecraft:open_chest":506,"minecraft:crouch_one_cm":11246,"minecraft:fall_one_cm":78217},"minecraft:killed":{"minecraft:spider":7,"minecraft:skeleton":23,"minecraft:chicken":1,"minecraft:silverfish":4,"minecraft:salmon":50,"minecraft:squid":4,"minecraft:sheep":4,"minecraft:zombie":16,"minecraft:enderman":1,"minecraft:cow":42},"minecraft:broken":{"minecraft:golden_helmet":1,"minecraft:golden_boots":1,"minecraft:wooden_shovel":1,"minecraft:wooden_pickaxe":2,"minecraft:stone_pickaxe":16,"minecraft:wooden_sword":1,"minecraft:wooden_axe":2},"minecraft:crafted":{"minecraft:black_dye":6,"minecraft:grindstone":1,"minecraft:wooden_sword":2,"minecraft:oak_door":3,"minecraft:oak_planks":260,"minecraft:coal":1,"minecraft:leather_leggings":4,"minecraft:leather_boots":2,"minecraft:dark_oak_wood":3,"minecraft:cooked_chicken":1,"minecraft:furnace":2,"minecraft:dark_oak_trapdoor":4,"minecraft:cobblestone_stairs":48,"minecraft:stone":3,"minecraft:bone_meal":9,"minecraft:cooked_mutton":3,"minecraft:oak_trapdoor":4,"minecraft:bow":1,"minecraft:iron_boots":1,"minecraft:ladder":18,"minecraft:stone_pickaxe":30,"minecraft:chest":4,"minecraft:dark_oak_planks":120,"minecraft:stone_hoe":1,"minecraft:cooked_beef":32,"minecraft:wooden_shovel":1,"minecraft:arrow":8,"minecraft:crafting_table":2,"minecraft:spruce_planks":180,"minecraft:wooden_pickaxe":2,"minecraft:iron_helmet":1,"minecraft:iron_sword":3,"minecraft:cooked_salmon":23,"minecraft:leather_helmet":2,"minecraft:birch_planks":24,"minecraft:stone_axe":4,"minecraft:bread":10,"minecraft:spruce_trapdoor":2,"minecraft:iron_chestplate":1,"minecraft:wooden_hoe":1,"minecraft:paper":3,"minecraft:charcoal":33,"minecraft:shield":3,"minecraft:stick":256,"minecraft:stone_slab":6,"minecraft:iron_ingot":136,"minecraft:leather_chestplate":4,"minecraft:iron_pickaxe":3,"minecraft:wooden_axe":2,"minecraft:stone_sword":6,"minecraft:gold_ingot":36,"minecraft:iron_leggings":1,"minecraft:white_bed":1,"minecraft:torch":172},"minecraft:picked_up":{"minecraft:wooden_axe":1,"minecraft:wheat":95,"minecraft:charcoal":43,"minecraft:iron_chestplate":2,"minecraft:crafting_table":1,"minecraft:chicken":1,"minecraft:ladder":11,"minecraft:leather_leggings":7,"minecraft:wooden_pickaxe":1,"minecraft:shield":6,"minecraft:string":32,"minecraft:dark_oak_trapdoor":1,"minecraft:cooked_salmon":3,"minecraft:wooden_sword":1,"minecraft:iron_leggings":4,"minecraft:spruce_planks":36,"minecraft:beef":103,"minecraft:poppy":1,"minecraft:iron_pickaxe":7,"minecraft:sugar_cane":52,"minecraft:chest":1,"minecraft:furnace":4,"minecraft:iron_boots":3,"minecraft:egg":2,"minecraft:golden_helmet":3,"minecraft:dark_oak_sapling":1,"minecraft:stick":214,"minecraft:oak_door":2,"minecraft:torch":218,"minecraft:diorite":227,"minecraft:redstone":314,"minecraft:dark_oak_planks":14,"minecraft:stone_sword":8,"minecraft:arrow":5,"minecraft:rotten_flesh":22,"minecraft:gold_ingot":5,"minecraft:mutton":7,"minecraft:rail":18,"minecraft:white_wool":4,"minecraft:cobblestone":3906,"minecraft:birch_log":6,"minecraft:feather":2,"minecraft:cooked_beef":10,"minecraft:andesite":288,"minecraft:salmon":58,"minecraft:leather":41,"minecraft:golden_leggings":1,"minecraft:flint":9,"minecraft:oak_log":70,"minecraft:golden_boots":2,"minecraft:cobblestone_stairs":7,"minecraft:lapis_lazuli":64,"minecraft:dirt":280,"minecraft:glass":16,"minecraft:bone":5,"minecraft:apple":1,"minecraft:stone_bricks":6,"minecraft:wheat_seeds":347,"minecraft:stone_pickaxe":10,"minecraft:iron_ore":144,"minecraft:stone_hoe":1,"minecraft:iron_sword":1,"minecraft:oak_planks":63,"minecraft:gravel":60,"minecraft:spruce_sapling":8,"minecraft:ink_sac":8,"minecraft:white_bed":2,"minecraft:spruce_log":99,"minecraft:gold_ore":36,"minecraft:dark_oak_log":165,"minecraft:leather_helmet":3,"minecraft:coal_ore":1,"minecraft:diamond":17,"minecraft:stone_axe":3,"minecraft:iron_helmet":2,"minecraft:granite":283,"minecraft:bone_meal":4,"minecraft:oak_sapling":4,"minecraft:stripped_dark_oak_log":1,"minecraft:coal":412},"minecraft:killed_by":{"minecraft:creeper":4,"minecraft:spider":1,"minecraft:enderman":1,"minecraft:skeleton":4,"minecraft:zombie":2},"minecraft:mined":{"minecraft:dark_oak_planks":10,"minecraft:spruce_planks":2,"minecraft:white_bed":2,"minecraft:dark_oak_leaves":3,"minecraft:oak_door":1,"minecraft:cobblestone_stairs":7,"minecraft:dark_oak_log":132,"minecraft:ladder":1,"minecraft:granite":170,"minecraft:grass_block":90,"minecraft:spruce_leaves":25,"minecraft:tall_seagrass":2,"minecraft:redstone_ore":35,"minecraft:furnace":2,"minecraft:dark_oak_trapdoor":1,"minecraft:iron_ore":147,"minecraft:andesite":140,"minecraft:stone":2314,"minecraft:stripped_dark_oak_log":1,"minecraft:crafting_table":1,"minecraft:torch":5,"minecraft:tall_grass":3,"minecraft:glass":1,"minecraft:cobblestone":54,"minecraft:lapis_ore":7,"minecraft:oak_planks":27,"minecraft:sugar_cane":19,"minecraft:wall_torch":14,"minecraft:diorite":125,"minecraft:seagrass":2,"minecraft:birch_log":6,"minecraft:wheat":96,"minecraft:spruce_log":89,"minecraft:grass_path":1,"minecraft:grass":87,"minecraft:oak_log":70,"minecraft:coal_ore":230,"minecraft:gravel":54,"minecraft:dirt":86,"minecraft:cobweb":20,"minecraft:gold_ore":30,"minecraft:oak_leaves":17,"minecraft:infested_stone":3,"minecraft:diamond_ore":6},"minecraft:dropped":{"minecraft:golden_boots":1,"minecraft:iron_sword":1,"minecraft:wheat_seeds":1,"minecraft:lapis_lazuli":20,"minecraft:golden_helmet":2,"minecraft:cooked_beef":3,"minecraft:diamond":8,"minecraft:cobblestone":342,"minecraft:iron_helmet":2,"minecraft:granite":5,"minecraft:rail":6,"minecraft:flint":3,"minecraft:dirt":16,"minecraft:ink_sac":2,"minecraft:torch":26,"minecraft:iron_leggings":4,"minecraft:iron_pickaxe":2,"minecraft:dark_oak_planks":84,"minecraft:redstone":142,"minecraft:stone_sword":3,"minecraft:iron_boots":3,"minecraft:shield":1,"minecraft:iron_chestplate":2,"minecraft:golden_leggings":1,"minecraft:arrow":1,"minecraft:stone_pickaxe":1},"minecraft:used":{"minecraft:stone_sword":255,"minecraft:ladder":13,"minecraft:chest":5,"minecraft:spruce_planks":2,"minecraft:shield":35,"minecraft:iron_sword":10,"minecraft:cooked_salmon":24,"minecraft:cooked_chicken":1,"minecraft:wooden_shovel":60,"minecraft:stone_hoe":8,"minecraft:oak_door":5,"minecraft:torch":95,"minecraft:dirt":64,"minecraft:mutton":4,"minecraft:dark_oak_planks":6,"minecraft:glass":31,"minecraft:wooden_axe":119,"minecraft:bow":18,"minecraft:beef":2,"minecraft:oak_sapling":1,"minecraft:furnace":6,"minecraft:egg":1,"minecraft:cooked_beef":43,"minecraft:wheat_seeds":116,"minecraft:cooked_mutton":3,"minecraft:diorite":2,"minecraft:iron_ore":1,"minecraft:cobblestone_stairs":38,"minecraft:stone_pickaxe":2896,"minecraft:oak_planks":236,"minecraft:wooden_pickaxe":118,"minecraft:sugar_cane":18,"minecraft:dark_oak_trapdoor":4,"minecraft:crafting_table":3,"minecraft:white_bed":3,"minecraft:wooden_hoe":86,"minecraft:iron_pickaxe":336,"minecraft:bread":10,"minecraft:spruce_trapdoor":2,"minecraft:gravel":1,"minecraft:stone_axe":237,"minecraft:wooden_sword":90,"minecraft:cobblestone":895,"minecraft:grindstone":1,"minecraft:andesite":24,"minecraft:oak_trapdoor":4}},"DataVersion":2567}