{"stats":{"minecraft:dropped":{"minecraft:iron_sword":1,"minecraft:birch_planks":12,"minecraft:dark_oak_stairs":12,"minecraft:crafting_table":3,"minecraft:dark_oak_sapling":2,"minecraft:cooked_porkchop":1,"minecraft:crossbow":1,"minecraft:red_mushroom":1,"minecraft:item_frame":1,"minecraft:dirt":70,"minecraft:dark_oak_log":73,"minecraft:dark_oak_fence":3,"minecraft:cornflower":10,"minecraft:bone_meal":1,"minecraft:sunflower":3,"minecraft:dark_oak_planks":59,"minecraft:white_wool":1,"minecraft:bone":6,"minecraft:sugar_cane":4,"minecraft:polished_andesite_slab":7,"minecraft:twisting_vines":1,"minecraft:nether_brick":17,"minecraft:stripped_dark_oak_log":1,"minecraft:oak_planks":20,"minecraft:white_bed":1,"minecraft:poppy":3,"minecraft:chest":1,"minecraft:spruce_slab":3,"minecraft:basalt":2,"minecraft:arrow":2,"minecraft:glass":3,"minecraft:warped_wart_block":16,"minecraft:polished_granite":26,"minecraft:netherrack":65,"minecraft:water_bucket":1,"minecraft:golden_boots":1,"minecraft:iron_ingot":42,"minecraft:minecart":2,"minecraft:diamond_leggings":1,"minecraft:netherite_chestplate":1,"minecraft:iron_helmet":1,"minecraft:cobblestone":2,"minecraft:spruce_door":1,"minecraft:grass_block":1,"minecraft:coal":71,"minecraft:stick":19,"minecraft:polished_andesite":7,"minecraft:torch":53,"minecraft:diamond_helmet":1,"minecraft:iron_leggings":1,"minecraft:polished_andesite_stairs":9,"minecraft:pumpkin":8,"minecraft:iron_axe":2,"minecraft:bucket":1,"minecraft:redstone":25,"minecraft:furnace":3,"minecraft:ender_chest":1,"minecraft:iron_boots":2,"minecraft:smoker":1,"minecraft:pumpkin_seeds":4,"minecraft:flint_and_steel":1,"minecraft:shield":1,"minecraft:flower_pot":1,"minecraft:diamond_chestplate":1,"minecraft:spruce_planks":23,"minecraft:iron_chestplate":1,"minecraft:andesite":9,"minecraft:oak_sapling":5,"minecraft:diamond_boots":1,"minecraft:bow":2,"minecraft:magma_block":1},"minecraft:killed":{"minecraft:spider":8,"minecraft:skeleton":8,"minecraft:chicken":3,"minecraft:magma_cube":19,"minecraft:piglin":1,"minecraft:pig":4,"minecraft:salmon":5,"minecraft:creeper":4,"minecraft:sheep":2,"minecraft:zombie":12,"minecraft:cow":10},"minecraft:crafted":{"minecraft:brick":24,"minecraft:oak_planks":88,"minecraft:smooth_stone":30,"minecraft:cooked_chicken":3,"minecraft:cobblestone_stairs":160,"minecraft:nether_brick":17,"minecraft:cooked_mutton":7,"minecraft:glass":50,"minecraft:iron_boots":3,"minecraft:chest":1,"minecraft:flower_pot":1,"minecraft:smoker":1,"minecraft:item_frame":1,"minecraft:arrow":20,"minecraft:cooked_porkchop":6,"minecraft:crafting_table":3,"minecraft:spruce_planks":24,"minecraft:wooden_pickaxe":1,"minecraft:iron_helmet":3,"minecraft:spruce_door":3,"minecraft:birch_planks":12,"minecraft:pumpkin_seeds":4,"minecraft:painting":2,"minecraft:dark_oak_slab":48,"minecraft:iron_chestplate":3,"minecraft:paper":168,"minecraft:shield":2,"minecraft:stick":62,"minecraft:iron_ingot":37,"minecraft:iron_pickaxe":1,"minecraft:stone_shovel":1,"minecraft:furnace":4,"minecraft:polished_andesite_slab":12,"minecraft:iron_axe":1,"minecraft:spruce_slab":42,"minecraft:stone_pickaxe":1,"minecraft:dark_oak_planks":24,"minecraft:cooked_beef":62,"minecraft:iron_sword":1,"minecraft:cooked_salmon":4,"minecraft:stone_axe":1,"minecraft:air":0,"minecraft:oak_stairs":20,"minecraft:iron_leggings":3,"minecraft:white_bed":1,"minecraft:torch":24},"minecraft:broken":{"minecraft:stone_pickaxe":1,"minecraft:stone_shovel":1,"minecraft:shield":1,"minecraft:iron_pickaxe":1,"minecraft:iron_helmet":1},"minecraft:custom":{"minecraft:animals_bred":9,"minecraft:interact_with_crafting_table":61,"minecraft:open_barrel":5,"minecraft:open_shulker_box":6,"minecraft:leave_game":18,"minecraft:time_since_death":18755,"minecraft:damage_resisted":112,"minecraft:sprint_one_cm":1158041,"minecraft:damage_blocked_by_shield":3605,"minecraft:drop":127,"minecraft:talked_to_villager":5,"minecraft:deaths":10,"minecraft:jump":4735,"minecraft:walk_on_water_one_cm":94116,"minecraft:interact_with_furnace":152,"minecraft:interact_with_cartography_table":1,"minecraft:play_one_minute":444678,"minecraft:sleep_in_bed":7,"minecraft:open_enderchest":3,"minecraft:damage_dealt":9170,"minecraft:player_kills":1,"minecraft:crouch_one_cm":64312,"minecraft:interact_with_smoker":31,"minecraft:horse_one_cm":422,"minecraft:mob_kills":78,"minecraft:inspect_hopper":1,"minecraft:climb_one_cm":4079,"minecraft:walk_one_cm":2089297,"minecraft:sneak_time":16612,"minecraft:walk_under_water_one_cm":138960,"minecraft:interact_with_blast_furnace":17,"minecraft:pot_flower":1,"minecraft:interact_with_grindstone":2,"minecraft:interact_with_stonecutter":4,"minecraft:time_since_rest":18943,"minecraft:damage_taken":8062,"minecraft:minecart_one_cm":11877,"minecraft:swim_one_cm":52492,"minecraft:fly_one_cm":589486,"minecraft:open_chest":359,"minecraft:fall_one_cm":108123},"minecraft:used":{"minecraft:spruce_slab":7,"minecraft:chest":3,"minecraft:shield":62,"minecraft:iron_sword":225,"minecraft:snowball":1,"minecraft:glass":43,"minecraft:lava_bucket":27,"minecraft:polished_andesite_stairs":4,"minecraft:warped_nylium":5,"minecraft:dark_oak_slab":11,"minecraft:item_frame":2,"minecraft:magma_block":4,"minecraft:bow":91,"minecraft:warped_fungus":2,"minecraft:furnace":5,"minecraft:egg":1,"minecraft:dark_oak_sapling":8,"minecraft:dark_oak_stairs":12,"minecraft:diorite":1,"minecraft:spruce_door":1,"minecraft:stone_pickaxe":131,"minecraft:oak_planks":36,"minecraft:ender_pearl":1,"minecraft:wooden_pickaxe":33,"minecraft:sugar_cane":2,"minecraft:dark_oak_trapdoor":1,"minecraft:crossbow":1,"minecraft:polished_andesite_slab":8,"minecraft:stone_shovel":129,"minecraft:spruce_planks":32,"minecraft:cooked_salmon":5,"minecraft:cooked_chicken":3,"minecraft:netherrack":93,"minecraft:torch":15,"minecraft:dirt":56,"minecraft:warped_wart_block":8,"minecraft:granite":1,"minecraft:iron_axe":230,"minecraft:oak_stairs":21,"minecraft:basalt":58,"minecraft:beef":1,"minecraft:cooked_beef":52,"minecraft:pumpkin":9,"minecraft:wheat_seeds":2,"minecraft:cooked_mutton":6,"minecraft:cobblestone_stairs":89,"minecraft:polished_andesite":9,"minecraft:chiseled_nether_bricks":2,"minecraft:rail":2,"minecraft:crafting_table":9,"minecraft:white_bed":1,"minecraft:painting":22,"minecraft:smoker":1,"minecraft:flower_pot":3,"minecraft:sunflower":1,"minecraft:iron_pickaxe":413,"minecraft:stone_axe":72,"minecraft:cobblestone":80,"minecraft:cooked_porkchop":4,"minecraft:bucket":27,"minecraft:smooth_stone":34},"minecraft:killed_by":{"minecraft:creeper":1,"minecraft:piglin":1,"minecraft:player":2,"minecraft:enderman":1},"minecraft:picked_up":{"minecraft:iron_chestplate":6,"minecraft:wheat":3,"minecraft:ender_chest":1,"minecraft:flower_pot":3,"minecraft:oak_stairs":1,"minecraft:golden_sword":1,"minecraft:music_disc_cat":3,"minecraft:string":7,"minecraft:dark_oak_trapdoor":1,"minecraft:iron_leggings":6,"minecraft:diamond_leggings":2,"minecraft:gold_nugget":9,"minecraft:smooth_stone":4,"minecraft:bucket":4,"minecraft:spruce_planks":27,"minecraft:iron_pickaxe":6,"minecraft:iron_boots":7,"minecraft:furnace":7,"minecraft:stick":53,"minecraft:torch":110,"minecraft:porkchop":6,"minecraft:diorite":1,"minecraft:warped_planks":16,"minecraft:chiseled_nether_bricks":10,"minecraft:rotten_flesh":49,"minecraft:netherite_chestplate":1,"minecraft:snowball":1,"minecraft:cobblestone":188,"minecraft:birch_log":34,"minecraft:magma_block":11,"minecraft:feather":3,"minecraft:cooked_beef":138,"minecraft:magma_cream":2,"minecraft:water_bucket":1,"minecraft:andesite":23,"minecraft:golden_leggings":4,"minecraft:smoker":1,"minecraft:flint":4,"minecraft:dirt":143,"minecraft:polished_granite":26,"minecraft:twisting_vines":4,"minecraft:bone":18,"minecraft:glass":106,"minecraft:bow":5,"minecraft:wheat_seeds":15,"minecraft:diamond_helmet":2,"minecraft:oak_planks":70,"minecraft:cooked_porkchop":8,"minecraft:warped_wart_block":25,"minecraft:sand":98,"minecraft:grass_block":1,"minecraft:dark_oak_log":79,"minecraft:polished_andesite":38,"minecraft:crossbow":1,"minecraft:granite":2,"minecraft:bone_meal":3,"minecraft:oak_sapling":5,"minecraft:netherrack":171,"minecraft:dark_oak_fence":3,"minecraft:crafting_table":10,"minecraft:chicken":3,"minecraft:clay_ball":24,"minecraft:brick":21,"minecraft:shield":4,"minecraft:cornflower":10,"minecraft:iron_axe":9,"minecraft:flint_and_steel":1,"minecraft:item_frame":2,"minecraft:blackstone":20,"minecraft:beef":16,"minecraft:poppy":4,"minecraft:spruce_slab":9,"minecraft:light_gray_wool":1,"minecraft:minecart":2,"minecraft:sugar_cane":341,"minecraft:chest":3,"minecraft:egg":2,"minecraft:dark_oak_sapling":15,"minecraft:redstone":25,"minecraft:dark_oak_planks":107,"minecraft:arrow":54,"minecraft:diamond_chestplate":2,"minecraft:stone_shovel":5,"minecraft:diamond_boots":2,"minecraft:mutton":7,"minecraft:white_wool":6,"minecraft:rail":2,"minecraft:basalt":133,"minecraft:salmon":4,"minecraft:leather":11,"minecraft:red_mushroom":1,"minecraft:oak_log":22,"minecraft:chainmail_chestplate":1,"minecraft:golden_boots":3,"minecraft:gunpowder":2,"minecraft:cobblestone_stairs":187,"minecraft:paper":64,"minecraft:cooked_mutton":5,"minecraft:iron_ingot":39,"minecraft:iron_ore":37,"minecraft:polished_andesite_slab":13,"minecraft:iron_sword":5,"minecraft:dark_oak_stairs":26,"minecraft:polished_andesite_stairs":8,"minecraft:warped_fungus":2,"minecraft:dark_oak_slab":3,"minecraft:pumpkin":34,"minecraft:quartz":16,"minecraft:gravel":4,"minecraft:lava_bucket":1,"minecraft:white_bed":1,"minecraft:spruce_log":6,"minecraft:spruce_door":1,"minecraft:spider_eye":1,"minecraft:pumpkin_seeds":4,"minecraft:stone_axe":3,"minecraft:iron_helmet":6,"minecraft:painting":18,"minecraft:baked_potato":24,"minecraft:warped_nylium":5,"minecraft:stripped_dark_oak_log":1,"minecraft:coal":184,"minecraft:ender_pearl":3,"minecraft:sunflower":6},"minecraft:mined":{"minecraft:spruce_planks":8,"minecraft:white_bed":1,"minecraft:cobblestone_stairs":15,"minecraft:granite":2,"minecraft:grass_block":24,"minecraft:smooth_stone":4,"minecraft:tall_seagrass":1,"minecraft:magma_block":11,"minecraft:dark_oak_trapdoor":6,"minecraft:iron_ore":37,"minecraft:fire":2,"minecraft:pumpkin":18,"minecraft:dark_oak_stairs":12,"minecraft:oak_stairs":1,"minecraft:spruce_slab":7,"minecraft:blackstone":7,"minecraft:smoker":1,"minecraft:clay":6,"minecraft:poppy":1,"minecraft:polished_andesite_stairs":4,"minecraft:chest":1,"minecraft:glass":4,"minecraft:nether_quartz_ore":19,"minecraft:cobblestone":27,"minecraft:sugar_cane":85,"minecraft:oak_planks":35,"minecraft:wall_torch":3,"minecraft:seagrass":1,"minecraft:warped_nylium":7,"minecraft:birch_log":34,"minecraft:wheat":2,"minecraft:warped_fungus":2,"minecraft:potted_poppy":1,"minecraft:grass":33,"minecraft:oak_log":22,"minecraft:sand":98,"minecraft:dirt":6,"minecraft:netherrack":110,"minecraft:oak_leaves":8,"minecraft:nether_gold_ore":2,"minecraft:dark_oak_leaves":8,"minecraft:dark_oak_log":79,"minecraft:polished_andesite_slab":8,"minecraft:spruce_leaves":4,"minecraft:red_mushroom":1,"minecraft:furnace":7,"minecraft:snow":1,"minecraft:andesite":15,"minecraft:warped_stem":2,"minecraft:stone":116,"minecraft:chiseled_nether_bricks":6,"minecraft:stripped_dark_oak_log":1,"minecraft:basalt":111,"minecraft:spruce_door":1,"minecraft:crafting_table":8,"minecraft:tall_grass":2,"minecraft:warped_wart_block":22,"minecraft:spruce_log":6,"minecraft:birch_leaves":1,"minecraft:coal_ore":38,"minecraft:sunflower":3,"minecraft:flower_pot":2,"minecraft:gravel":6,"minecraft:polished_andesite":9}},"DataVersion":2567}