{"stats":{"minecraft:custom":{"minecraft:interact_with_furnace":36,"minecraft:mob_kills":11,"minecraft:animals_bred":2,"minecraft:interact_with_crafting_table":31,"minecraft:play_one_minute":89704,"minecraft:leave_game":12,"minecraft:time_since_death":84284,"minecraft:sleep_in_bed":3,"minecraft:climb_one_cm":5943,"minecraft:time_since_rest":4381,"minecraft:sprint_one_cm":90216,"minecraft:damage_taken":1312,"minecraft:walk_one_cm":414915,"minecraft:damage_dealt":1667,"minecraft:fly_one_cm":45619,"minecraft:open_chest":17,"minecraft:crouch_one_cm":824,"minecraft:deaths":3,"minecraft:sneak_time":759,"minecraft:walk_under_water_one_cm":1812,"minecraft:jump":1321,"minecraft:walk_on_water_one_cm":12301,"minecraft:fall_one_cm":19565},"minecraft:killed":{"minecraft:pig":1,"minecraft:spider":1,"minecraft:sheep":2,"minecraft:zombie":2,"minecraft:chicken":1,"minecraft:cow":3},"minecraft:picked_up":{"minecraft:crafting_table":3,"minecraft:wheat":6,"minecraft:feather":2,"minecraft:chicken":1,"minecraft:leather":4,"minecraft:oak_log":26,"minecraft:dirt":24,"minecraft:string":1,"minecraft:wheat_seeds":20,"minecraft:iron_ingot":7,"minecraft:beef":5,"minecraft:iron_ore":16,"minecraft:sugar_cane":3,"minecraft:birch_sapling":2,"minecraft:oak_planks":4,"minecraft:furnace":3,"minecraft:stick":11,"minecraft:pumpkin":11,"minecraft:oak_fence":1,"minecraft:torch":16,"minecraft:spruce_fence":5,"minecraft:porkchop":2,"minecraft:ink_sac":9,"minecraft:diorite":2,"minecraft:white_bed":1,"minecraft:spruce_log":16,"minecraft:dark_oak_log":6,"minecraft:dark_oak_planks":29,"minecraft:rotten_flesh":5,"minecraft:mutton":3,"minecraft:coal":36,"minecraft:white_wool":2,"minecraft:cobblestone":96,"minecraft:sunflower":1},"minecraft:crafted":{"minecraft:cooked_beef":5,"minecraft:oak_planks":68,"minecraft:cooked_porkchop":2,"minecraft:spruce_planks":28,"minecraft:wooden_pickaxe":1,"minecraft:cooked_chicken":1,"minecraft:furnace":1,"minecraft:spruce_fence":14,"minecraft:stone_axe":1,"minecraft:cooked_mutton":3,"minecraft:air":0,"minecraft:iron_chestplate":1,"minecraft:charcoal":6,"minecraft:stick":32,"minecraft:iron_ingot":16,"minecraft:stone_pickaxe":1,"minecraft:stone_sword":1,"minecraft:iron_leggings":1,"minecraft:spruce_fence_gate":2,"minecraft:dark_oak_planks":24,"minecraft:torch":16,"minecraft:oak_fence":12},"minecraft:killed_by":{"minecraft:zombie":3},"minecraft:mined":{"minecraft:white_bed":1,"minecraft:dark_oak_log":6,"minecraft:oak_fence":1,"minecraft:crafting_table":3,"minecraft:torch":1,"minecraft:grass_block":12,"minecraft:spruce_fence":5,"minecraft:spruce_leaves":7,"minecraft:sugar_cane":1,"minecraft:oak_planks":4,"minecraft:diorite":2,"minecraft:wall_torch":14,"minecraft:furnace":3,"minecraft:iron_ore":16,"minecraft:wheat":8,"minecraft:spruce_log":18,"minecraft:pumpkin":11,"minecraft:grass":4,"minecraft:oak_log":24,"minecraft:coal_ore":37,"minecraft:sunflower":1,"minecraft:dirt":7,"minecraft:stone":99,"minecraft:oak_leaves":7},"minecraft:used":{"minecraft:wheat_seeds":19,"minecraft:oak_fence":12,"minecraft:cooked_mutton":3,"minecraft:stone_sword":71,"minecraft:stone_pickaxe":127,"minecraft:oak_planks":56,"minecraft:wooden_pickaxe":32,"minecraft:spruce_fence_gate":2,"minecraft:sugar_cane":3,"minecraft:cooked_chicken":1,"minecraft:torch":23,"minecraft:dirt":14,"minecraft:crafting_table":2,"minecraft:white_bed":1,"minecraft:spruce_fence":18,"minecraft:stone_axe":78,"minecraft:cobblestone":9,"minecraft:furnace":3,"minecraft:cooked_porkchop":2,"minecraft:cooked_beef":2}},"DataVersion":2567}