{"stats":{"minecraft:custom":{"minecraft:animals_bred":53,"minecraft:interact_with_crafting_table":102,"minecraft:leave_game":42,"minecraft:time_since_death":0,"minecraft:sprint_one_cm":3295093,"minecraft:damage_blocked_by_shield":7180,"minecraft:drop":633,"minecraft:talked_to_villager":3,"minecraft:deaths":25,"minecraft:jump":20186,"minecraft:walk_on_water_one_cm":150258,"minecraft:enchant_item":24,"minecraft:interact_with_furnace":64,"minecraft:play_one_minute":852615,"minecraft:sleep_in_bed":41,"minecraft:open_enderchest":2,"minecraft:damage_dealt":25093,"minecraft:player_kills":2,"minecraft:crouch_one_cm":173759,"minecraft:horse_one_cm":15326,"minecraft:interact_with_anvil":12,"minecraft:mob_kills":866,"minecraft:inspect_hopper":55,"minecraft:climb_one_cm":13801,"minecraft:walk_one_cm":2087344,"minecraft:sneak_time":50678,"minecraft:walk_under_water_one_cm":60501,"minecraft:boat_one_cm":103952,"minecraft:interact_with_grindstone":32,"minecraft:time_since_rest":100,"minecraft:damage_taken":21347,"minecraft:damage_absorbed":79,"minecraft:minecart_one_cm":159724,"minecraft:swim_one_cm":169916,"minecraft:fly_one_cm":3558643,"minecraft:open_chest":382,"minecraft:fall_one_cm":595000},"minecraft:killed":{"minecraft:cave_spider":2,"minecraft:witch":1,"minecraft:spider":2,"minecraft:skeleton":694,"minecraft:chicken":2,"minecraft:magma_cube":4,"minecraft:piglin":1,"minecraft:pig":1,"minecraft:zombie_villager":2,"minecraft:creeper":6,"minecraft:sheep":6,"minecraft:zombie":35,"minecraft:cow":89,"minecraft:slime":9,"minecraft:drowned":1,"minecraft:squid":1,"minecraft:enderman":4},"minecraft:broken":{"minecraft:iron_shovel":1,"minecraft:golden_chestplate":1,"minecraft:stone_sword":1,"minecraft:shield":1,"minecraft:iron_axe":1,"minecraft:iron_pickaxe":1},"minecraft:picked_up":{"minecraft:iron_chestplate":11,"minecraft:wheat":1720,"minecraft:anvil":2,"minecraft:diamond_sword":4,"minecraft:enchanted_book":1,"minecraft:string":61,"minecraft:iron_leggings":12,"minecraft:shroomlight":11,"minecraft:diamond_leggings":2,"minecraft:gold_nugget":147,"minecraft:smooth_stone":1,"minecraft:spruce_planks":2,"minecraft:iron_pickaxe":7,"minecraft:furnace":3,"minecraft:iron_boots":6,"minecraft:golden_helmet":5,"minecraft:stick":57,"minecraft:oak_fence":8,"minecraft:torch":106,"minecraft:porkchop":1,"minecraft:diorite":21,"minecraft:golden_chestplate":1,"minecraft:stone_sword":1,"minecraft:rotten_flesh":30,"minecraft:snowball":701,"minecraft:cobblestone":1165,"minecraft:magma_block":1,"minecraft:leather_chestplate":2,"minecraft:feather":4,"minecraft:cooked_beef":365,"minecraft:magma_cream":1,"minecraft:iron_door":3,"minecraft:andesite":31,"minecraft:golden_leggings":6,"minecraft:flint":1,"minecraft:lapis_lazuli":399,"minecraft:dirt":1225,"minecraft:name_tag":2,"minecraft:twisting_vines":9,"minecraft:leather_boots":1,"minecraft:bone":669,"minecraft:bow":75,"minecraft:wheat_seeds":4054,"minecraft:dark_oak_sign":1,"minecraft:glowstone_dust":192,"minecraft:oak_planks":350,"minecraft:warped_wart_block":4,"minecraft:sand":5,"minecraft:ink_sac":3,"minecraft:grass_block":1,"minecraft:spectral_arrow":2,"minecraft:dark_oak_log":278,"minecraft:sugar":2,"minecraft:diamond":18,"minecraft:granite":17,"minecraft:grass":12,"minecraft:bread":596,"minecraft:oak_sapling":15,"minecraft:netherrack":2321,"minecraft:oak_leaves":134,"minecraft:diamond_pickaxe":10,"minecraft:crafting_table":1,"minecraft:chicken":2,"minecraft:leather_leggings":2,"minecraft:wooden_pickaxe":1,"minecraft:gold_block":1,"minecraft:shield":1,"minecraft:iron_axe":4,"minecraft:flint_and_steel":1,"minecraft:blackstone":56,"minecraft:detector_rail":1,"minecraft:netherite_sword":1,"minecraft:beef":88,"minecraft:oak_boat":2,"minecraft:poppy":9,"minecraft:minecart":1,"minecraft:chest":3,"minecraft:sugar_cane":400,"minecraft:egg":5,"minecraft:dark_oak_sapling":21,"minecraft:sandstone":2,"minecraft:redstone":123,"minecraft:iron_horse_armor":1,"minecraft:dark_oak_planks":47,"minecraft:arrow":722,"minecraft:diamond_chestplate":1,"minecraft:peony":2,"minecraft:shears":1,"minecraft:mutton":9,"minecraft:rail":21,"minecraft:white_wool":74,"minecraft:oxeye_daisy":1,"minecraft:basalt":25,"minecraft:leather":159,"minecraft:crimson_fungus":2,"minecraft:oak_log":228,"minecraft:lily_pad":8,"minecraft:golden_boots":3,"minecraft:gunpowder":17,"minecraft:cooked_mutton":1,"minecraft:apple":5,"minecraft:warped_stem":139,"minecraft:oak_fence_gate":3,"minecraft:iron_ingot":15,"minecraft:stone_pickaxe":1,"minecraft:iron_ore":526,"minecraft:iron_sword":8,"minecraft:dark_oak_stairs":9,"minecraft:warped_fungus":9,"minecraft:sweet_berries":199,"minecraft:quartz":196,"minecraft:dandelion":2,"minecraft:gravel":5,"minecraft:spruce_sapling":2,"minecraft:white_bed":61,"minecraft:spruce_log":16,"minecraft:gold_ore":53,"minecraft:spider_eye":2,"minecraft:leather_helmet":3,"minecraft:diamond_shovel":4,"minecraft:slime_ball":4,"minecraft:stone_axe":1,"minecraft:chainmail_leggings":1,"minecraft:iron_helmet":12,"minecraft:warped_roots":2,"minecraft:melon_seeds":5,"minecraft:warped_nylium":1,"minecraft:coal":2082,"minecraft:sunflower":15,"minecraft:ender_pearl":3},"minecraft:crafted":{"minecraft:black_dye":3,"minecraft:oak_planks":860,"minecraft:dark_oak_boat":1,"minecraft:diamond_shovel":1,"minecraft:cooked_mutton":1,"minecraft:warped_planks":8,"minecraft:quartz_block":46,"minecraft:iron_boots":7,"minecraft:chest":8,"minecraft:black_wool":3,"minecraft:oak_fence":60,"minecraft:diamond_axe":1,"minecraft:crafting_table":16,"minecraft:spruce_planks":64,"minecraft:wooden_pickaxe":1,"minecraft:iron_helmet":6,"minecraft:iron_chestplate":6,"minecraft:diamond_pickaxe":3,"minecraft:shield":3,"minecraft:stick":348,"minecraft:iron_ingot":309,"minecraft:iron_pickaxe":3,"minecraft:snow_block":146,"minecraft:iron_block":3,"minecraft:stone_sword":2,"minecraft:gold_ingot":57,"minecraft:black_bed":1,"minecraft:shears":1,"minecraft:leather_leggings":1,"minecraft:iron_nugget":1,"minecraft:furnace":11,"minecraft:iron_axe":2,"minecraft:stone_pickaxe":1,"minecraft:dark_oak_planks":348,"minecraft:coal_block":64,"minecraft:diamond_sword":1,"minecraft:dark_oak_stairs":60,"minecraft:iron_sword":2,"minecraft:leather_helmet":1,"minecraft:stone_axe":2,"minecraft:bread":422,"minecraft:air":0,"minecraft:oak_fence_gate":6,"minecraft:oak_boat":4,"minecraft:golden_apple":2,"minecraft:gold_nugget":2,"minecraft:iron_shovel":1,"minecraft:iron_leggings":7,"minecraft:anvil":1,"minecraft:white_bed":22,"minecraft:torch":960},"minecraft:killed_by":{"minecraft:creeper":4,"minecraft:piglin":1,"minecraft:zombie":1,"minecraft:player":6,"minecraft:enderman":2,"minecraft:skeleton":1},"minecraft:mined":{"minecraft:dark_oak_planks":1,"minecraft:spruce_planks":2,"minecraft:white_bed":38,"minecraft:granite":15,"minecraft:grass_block":436,"minecraft:crimson_fungus":1,"minecraft:oxeye_daisy":1,"minecraft:spawner":3,"minecraft:smooth_stone":1,"minecraft:magma_block":1,"minecraft:glowstone":33,"minecraft:iron_ore":523,"minecraft:fire":36,"minecraft:anvil":2,"minecraft:dark_oak_stairs":10,"minecraft:twisting_vines":2,"minecraft:blackstone":32,"minecraft:twisting_vines_plant":5,"minecraft:torch":29,"minecraft:poppy":4,"minecraft:chest":2,"minecraft:glass":1,"minecraft:nether_quartz_ore":204,"minecraft:cobblestone":94,"minecraft:sugar_cane":155,"minecraft:oak_planks":18,"minecraft:iron_door":3,"minecraft:wall_torch":23,"minecraft:warped_nylium":8,"minecraft:wheat":1540,"minecraft:warped_fungus":9,"minecraft:grass":97,"minecraft:oak_log":224,"minecraft:dark_oak_sapling":3,"minecraft:sand":4,"minecraft:dirt":321,"minecraft:netherrack":2579,"minecraft:oak_leaves":246,"minecraft:nether_gold_ore":42,"minecraft:diamond_ore":18,"minecraft:dark_oak_leaves":11,"minecraft:dark_oak_log":279,"minecraft:spruce_leaves":29,"minecraft:sandstone":2,"minecraft:large_fern":4,"minecraft:redstone_ore":15,"minecraft:furnace":2,"minecraft:snow":662,"minecraft:andesite":33,"minecraft:peony":2,"minecraft:gold_block":1,"minecraft:shroomlight":7,"minecraft:rail":14,"minecraft:warped_stem":101,"minecraft:stone":790,"minecraft:snow_block":8,"minecraft:basalt":8,"minecraft:dandelion":1,"minecraft:warped_roots":2,"minecraft:rose_bush":1,"minecraft:tall_grass":18,"minecraft:lapis_ore":39,"minecraft:diorite":13,"minecraft:warped_wart_block":4,"minecraft:sweet_berry_bush":66,"minecraft:spruce_log":16,"minecraft:birch_leaves":11,"minecraft:grass_path":2,"minecraft:coal_ore":1301,"minecraft:dark_oak_sign":1,"minecraft:sunflower":17,"minecraft:gravel":6,"minecraft:cobweb":45,"minecraft:gold_ore":53},"minecraft:dropped":{"minecraft:iron_sword":3,"minecraft:porkchop":1,"minecraft:lapis_lazuli":34,"minecraft:cooked_beef":122,"minecraft:crafting_table":1,"minecraft:leather":102,"minecraft:rail":21,"minecraft:leather_helmet":10,"minecraft:dirt":100,"minecraft:grass":12,"minecraft:mutton":1,"minecraft:snowball":64,"minecraft:gold_nugget":6,"minecraft:sunflower":8,"minecraft:sand":5,"minecraft:sugar":2,"minecraft:iron_pickaxe":1,"minecraft:dark_oak_planks":21,"minecraft:white_wool":2,"minecraft:bone":1954,"minecraft:blackstone":9,"minecraft:sugar_cane":37,"minecraft:iron_nugget":1,"minecraft:golden_chestplate":3,"minecraft:detector_rail":1,"minecraft:twisting_vines":4,"minecraft:netherite_sword":1,"minecraft:wheat":128,"minecraft:obsidian":1,"minecraft:rotten_flesh":25,"minecraft:oak_planks":37,"minecraft:white_bed":1,"minecraft:chainmail_chestplate":1,"minecraft:poppy":9,"minecraft:leather_chestplate":3,"minecraft:gunpowder":4,"minecraft:melon_seeds":5,"minecraft:leather_boots":3,"minecraft:chainmail_boots":2,"minecraft:chest":2,"minecraft:leather_leggings":8,"minecraft:iron_ore":1,"minecraft:basalt":8,"minecraft:arrow":1839,"minecraft:beef":21,"minecraft:quartz":1,"minecraft:oak_leaves":29,"minecraft:netherrack":2112,"minecraft:golden_boots":6,"minecraft:enchanted_book":1,"minecraft:iron_ingot":1,"minecraft:bread":9,"minecraft:wheat_seeds":689,"minecraft:golden_helmet":5,"minecraft:minecart":1,"minecraft:diamond_leggings":2,"minecraft:iron_helmet":3,"minecraft:oak_fence":8,"minecraft:feather":4,"minecraft:cobblestone":210,"minecraft:book":3,"minecraft:spectral_arrow":3,"minecraft:granite":12,"minecraft:chainmail_helmet":2,"minecraft:grass_block":1,"minecraft:coal":8,"minecraft:stick":13,"minecraft:oxeye_daisy":1,"minecraft:diorite":10,"minecraft:torch":7,"minecraft:iron_leggings":4,"minecraft:iron_axe":1,"minecraft:chainmail_leggings":2,"minecraft:string":61,"minecraft:spruce_sapling":2,"minecraft:dandelion":2,"minecraft:redstone":61,"minecraft:snow_block":2,"minecraft:furnace":3,"minecraft:sweet_berries":3,"minecraft:stone_sword":1,"minecraft:chicken":2,"minecraft:iron_boots":2,"minecraft:shears":1,"minecraft:flint_and_steel":2,"minecraft:diamond_sword":1,"minecraft:shield":1,"minecraft:diamond_chestplate":1,"minecraft:peony":2,"minecraft:spruce_planks":28,"minecraft:iron_chestplate":3,"minecraft:diamond_pickaxe":1,"minecraft:andesite":11,"minecraft:golden_leggings":9,"minecraft:oak_sapling":10,"minecraft:spider_eye":2,"minecraft:sandstone":2,"minecraft:bow":122,"minecraft:stone_pickaxe":1,"minecraft:wooden_pickaxe":2,"minecraft:magma_cream":1,"minecraft:magma_block":1},"minecraft:used":{"minecraft:iron_shovel":250,"minecraft:chest":9,"minecraft:shield":75,"minecraft:iron_sword":169,"minecraft:mutton":1,"minecraft:snowball":35,"minecraft:warped_nylium":1,"minecraft:bow":90,"minecraft:dark_oak_boat":1,"minecraft:sweet_berries":196,"minecraft:oak_sapling":5,"minecraft:furnace":11,"minecraft:gold_block":1,"minecraft:egg":5,"minecraft:dark_oak_stairs":43,"minecraft:diorite":11,"minecraft:stone_pickaxe":81,"minecraft:dark_oak_sign":1,"minecraft:oak_planks":266,"minecraft:ender_pearl":1,"minecraft:blackstone":25,"minecraft:wooden_pickaxe":12,"minecraft:sugar_cane":15,"minecraft:diamond_axe":13,"minecraft:white_wool":1,"minecraft:oak_leaves":41,"minecraft:golden_apple":2,"minecraft:black_bed":1,"minecraft:shears":143,"minecraft:dark_oak_log":98,"minecraft:bread":228,"minecraft:gravel":3,"minecraft:iron_door":3,"minecraft:diamond_sword":317,"minecraft:andesite":18,"minecraft:oak_boat":6,"minecraft:bone_meal":13,"minecraft:oak_fence":60,"minecraft:netherite_sword":45,"minecraft:stone_sword":161,"minecraft:flint_and_steel":7,"minecraft:redstone":1,"minecraft:spruce_planks":38,"minecraft:netherrack":60,"minecraft:torch":917,"minecraft:dirt":576,"minecraft:warped_wart_block":3,"minecraft:anvil":3,"minecraft:granite":5,"minecraft:oak_fence_gate":6,"minecraft:shroomlight":3,"minecraft:dark_oak_planks":51,"minecraft:iron_axe":481,"minecraft:basalt":13,"minecraft:beef":1,"minecraft:cooked_beef":78,"minecraft:wheat_seeds":1591,"minecraft:cooked_mutton":3,"minecraft:warped_stem":4,"minecraft:iron_ore":5,"minecraft:snow_block":144,"minecraft:gold_ore":2,"minecraft:crafting_table":15,"minecraft:white_bed":40,"minecraft:warped_planks":2,"minecraft:oak_log":6,"minecraft:diamond_pickaxe":5308,"minecraft:apple":3,"minecraft:diamond_shovel":1109,"minecraft:sunflower":1,"minecraft:iron_pickaxe":443,"minecraft:stone_axe":149,"minecraft:cobblestone":793,"minecraft:smooth_stone":1}},"DataVersion":2567}