{"stats":{"minecraft:custom":{"minecraft:animals_bred":132,"minecraft:interact_with_crafting_table":173,"minecraft:open_shulker_box":10,"minecraft:leave_game":41,"minecraft:time_since_death":751900,"minecraft:damage_resisted":112,"minecraft:sprint_one_cm":5083321,"minecraft:damage_blocked_by_shield":3175,"minecraft:drop":108,"minecraft:talked_to_villager":93,"minecraft:deaths":16,"minecraft:jump":25533,"minecraft:interact_with_brewingstand":1,"minecraft:walk_on_water_one_cm":134842,"minecraft:enchant_item":5,"minecraft:interact_with_furnace":296,"minecraft:play_one_minute":2576395,"minecraft:sleep_in_bed":74,"minecraft:open_enderchest":3,"minecraft:damage_dealt":61231,"minecraft:crouch_one_cm":202323,"minecraft:interact_with_smoker":46,"minecraft:inspect_dispenser":6,"minecraft:interact_with_anvil":5,"minecraft:mob_kills":434,"minecraft:inspect_hopper":199,"minecraft:climb_one_cm":94653,"minecraft:walk_one_cm":5614651,"minecraft:sneak_time":72433,"minecraft:walk_under_water_one_cm":125683,"minecraft:boat_one_cm":473956,"minecraft:interact_with_blast_furnace":54,"minecraft:interact_with_stonecutter":8,"minecraft:interact_with_grindstone":1,"minecraft:time_since_rest":30175,"minecraft:damage_taken":17144,"minecraft:minecart_one_cm":307,"minecraft:swim_one_cm":202549,"minecraft:fly_one_cm":4465025,"minecraft:open_chest":2051,"minecraft:aviate_one_cm":765135,"minecraft:fall_one_cm":465625},"minecraft:picked_up":{"minecraft:iron_chestplate":2,"minecraft:wheat":156,"minecraft:redstone_block":8,"minecraft:flower_pot":1,"minecraft:lead":20,"minecraft:diamond_sword":12,"minecraft:potion":1,"minecraft:stone_brick_stairs":3,"minecraft:brewing_stand":1,"minecraft:string":38,"minecraft:iron_leggings":2,"minecraft:shroomlight":9,"minecraft:oak_sign":5,"minecraft:diamond_leggings":7,"minecraft:gold_nugget":80,"minecraft:smooth_stone":4,"minecraft:comparator":2,"minecraft:spruce_planks":206,"minecraft:redstone_torch":50,"minecraft:iron_pickaxe":8,"minecraft:melon_slice":3,"minecraft:iron_boots":1,"minecraft:furnace":6,"minecraft:tipped_arrow":2,"minecraft:golden_helmet":2,"minecraft:stick":293,"minecraft:polished_blackstone_brick_slab":2,"minecraft:composter":1,"minecraft:birch_trapdoor":2,"minecraft:oak_fence":59,"minecraft:torch":402,"minecraft:spruce_stairs":6,"minecraft:porkchop":29,"minecraft:diorite":222,"minecraft:golden_chestplate":4,"minecraft:cauldron":1,"minecraft:stone_sword":1,"minecraft:cactus":1,"minecraft:rotten_flesh":184,"minecraft:obsidian":179,"minecraft:iron_bars":5,"minecraft:snowball":2,"minecraft:cobblestone":5395,"minecraft:birch_log":157,"minecraft:magma_block":26,"minecraft:feather":6,"minecraft:cooked_beef":48,"minecraft:repeater":3,"minecraft:water_bucket":2,"minecraft:andesite":323,"minecraft:brown_wool":2,"minecraft:golden_leggings":1,"minecraft:smoker":1,"minecraft:potato":1294,"minecraft:flint":10,"minecraft:lapis_lazuli":151,"minecraft:dirt":5013,"minecraft:name_tag":1,"minecraft:bone":102,"minecraft:bow":12,"minecraft:wheat_seeds":333,"minecraft:mossy_stone_bricks":4,"minecraft:diamond_helmet":7,"minecraft:powered_rail":9,"minecraft:oak_planks":98,"minecraft:mossy_stone_brick_stairs":1,"minecraft:ghast_tear":1,"minecraft:cooked_porkchop":91,"minecraft:warped_wart_block":1,"minecraft:poisonous_potato":6,"minecraft:sand":156,"minecraft:stripped_spruce_log":7,"minecraft:ink_sac":26,"minecraft:grass_block":1,"minecraft:lily_of_the_valley":10,"minecraft:mossy_cobblestone":30,"minecraft:iron_hoe":4,"minecraft:polished_andesite":1,"minecraft:diamond":164,"minecraft:spruce_boat":21,"minecraft:blue_ice":5,"minecraft:crossbow":1,"minecraft:granite":323,"minecraft:bone_meal":2,"minecraft:emerald":4,"minecraft:bread":2,"minecraft:oak_sapling":147,"minecraft:netherrack":3017,"minecraft:oak_leaves":228,"minecraft:diamond_pickaxe":11,"minecraft:crafting_table":6,"minecraft:chicken":3,"minecraft:ladder":4,"minecraft:leather_leggings":1,"minecraft:shield":7,"minecraft:oak_trapdoor":5,"minecraft:red_bed":2,"minecraft:elytra":2,"minecraft:iron_axe":1,"minecraft:flint_and_steel":2,"minecraft:white_carpet":3,"minecraft:iron_shovel":2,"minecraft:blackstone":10,"minecraft:cracked_stone_bricks":3,"minecraft:beef":406,"minecraft:oak_boat":2,"minecraft:observer":13,"minecraft:poppy":26,"minecraft:light_gray_wool":1,"minecraft:spruce_slab":1,"minecraft:minecart":15,"minecraft:sugar_cane":318,"minecraft:chest":31,"minecraft:birch_sapling":21,"minecraft:piston":16,"minecraft:spruce_trapdoor":16,"minecraft:phantom_membrane":4,"minecraft:egg":10,"minecraft:spruce_fence":74,"minecraft:polished_blackstone_bricks":2,"minecraft:stone_button":1,"minecraft:carrot":750,"minecraft:redstone":1310,"minecraft:netherite_pickaxe":1,"minecraft:iron_horse_armor":1,"minecraft:tnt":80,"minecraft:arrow":219,"minecraft:diamond_chestplate":7,"minecraft:shears":1,"minecraft:diamond_boots":8,"minecraft:saddle":5,"minecraft:totem_of_undying":1,"minecraft:mutton":15,"minecraft:rail":43,"minecraft:white_wool":20,"minecraft:stripped_oak_log":1,"minecraft:basalt":6,"minecraft:salmon":9,"minecraft:leather":257,"minecraft:birch_planks":1,"minecraft:oak_log":886,"minecraft:golden_boots":1,"minecraft:cobblestone_wall":2,"minecraft:gunpowder":28,"minecraft:white_banner":3,"minecraft:red_carpet":2,"minecraft:apple":33,"minecraft:stone_bricks":99,"minecraft:kelp":71,"minecraft:iron_ingot":175,"minecraft:stone_pickaxe":1,"minecraft:iron_ore":695,"minecraft:gray_bed":1,"minecraft:iron_sword":3,"minecraft:book":3,"minecraft:warped_fungus":3,"minecraft:sweet_berries":84,"minecraft:chiseled_stone_bricks":2,"minecraft:quartz":260,"minecraft:dandelion":40,"minecraft:gravel":102,"minecraft:spruce_sapling":128,"minecraft:blast_furnace":2,"minecraft:white_bed":15,"minecraft:spruce_log":1864,"minecraft:gold_ore":94,"minecraft:mossy_stone_brick_slab":1,"minecraft:crying_obsidian":1,"minecraft:spruce_door":2,"minecraft:spider_eye":12,"minecraft:firework_rocket":105,"minecraft:diamond_shovel":6,"minecraft:slime_ball":8,"minecraft:iron_helmet":2,"minecraft:diamond_axe":4,"minecraft:gray_wool":9,"minecraft:warped_roots":1,"minecraft:baked_potato":53,"minecraft:coal":1263,"minecraft:hopper":7,"minecraft:ender_pearl":24},"minecraft:killed":{"minecraft:zombified_piglin":2,"minecraft:witch":1,"minecraft:spider":19,"minecraft:skeleton":57,"minecraft:bee":1,"minecraft:chicken":1,"minecraft:silverfish":1,"minecraft:piglin":7,"minecraft:pig":6,"minecraft:salmon":3,"minecraft:iron_golem":4,"minecraft:creeper":17,"minecraft:sheep":11,"minecraft:trader_llama":3,"minecraft:pillager":11,"minecraft:zombie":90,"minecraft:stray":2,"minecraft:ghast":2,"minecraft:cow":167,"minecraft:slime":11,"minecraft:phantom":3,"minecraft:drowned":1,"minecraft:wandering_trader":1,"minecraft:squid":3,"minecraft:enderman":3},"minecraft:used":{"minecraft:iron_shovel":1005,"minecraft:dispenser":2,"minecraft:spruce_slab":6,"minecraft:ladder":7,"minecraft:oak_sign":5,"minecraft:shield":103,"minecraft:chest":87,"minecraft:stone":198,"minecraft:carrot":302,"minecraft:obsidian":105,"minecraft:stripped_spruce_log":1,"minecraft:milk_bucket":1,"minecraft:glass":145,"minecraft:spruce_boat":20,"minecraft:lava_bucket":1,"minecraft:grass_block":1,"minecraft:hopper_minecart":6,"minecraft:stone_brick_stairs":41,"minecraft:stone_bricks":89,"minecraft:repeater":5,"minecraft:birch_trapdoor":4,"minecraft:bow":37,"minecraft:sweet_berries":17,"minecraft:furnace":23,"minecraft:gray_bed":4,"minecraft:egg":1,"minecraft:potato":458,"minecraft:diorite":19,"minecraft:spruce_door":4,"minecraft:stone_pickaxe":955,"minecraft:powered_rail":17,"minecraft:oak_planks":431,"minecraft:blackstone":1,"minecraft:ender_pearl":44,"minecraft:wooden_pickaxe":39,"minecraft:redstone_block":8,"minecraft:composter":1,"minecraft:sugar_cane":75,"minecraft:diamond_axe":3009,"minecraft:blast_furnace":6,"minecraft:shears":232,"minecraft:redstone_torch":15,"minecraft:stone_button":3,"minecraft:melon_slice":3,"minecraft:bread":1,"minecraft:iron_door":1,"minecraft:diamond_sword":1803,"minecraft:grindstone":1,"minecraft:andesite":2,"minecraft:birch_log":14,"minecraft:oak_boat":2,"minecraft:bone_meal":40,"minecraft:oak_fence":194,"minecraft:oak_trapdoor":22,"minecraft:iron_bars":1,"minecraft:enchanting_table":1,"minecraft:stone_sword":11,"minecraft:flint_and_steel":13,"minecraft:stone_shovel":506,"minecraft:redstone":55,"minecraft:spruce_planks":498,"minecraft:netherrack":1293,"minecraft:torch":435,"minecraft:dirt":2077,"minecraft:anvil":1,"minecraft:hopper":83,"minecraft:spruce_stairs":10,"minecraft:cobblestone_wall":179,"minecraft:oak_fence_gate":10,"minecraft:granite":13,"minecraft:spruce_fence":51,"minecraft:shroomlight":9,"minecraft:iron_hoe":320,"minecraft:bookshelf":12,"minecraft:iron_axe":740,"minecraft:beef":9,"minecraft:minecart":12,"minecraft:cooked_beef":217,"minecraft:observer":31,"minecraft:wheat_seeds":210,"minecraft:cooked_mutton":6,"minecraft:water_bucket":137,"minecraft:baked_potato":1,"minecraft:stonecutter":1,"minecraft:cobblestone_slab":9,"minecraft:salmon":2,"minecraft:rail":70,"minecraft:comparator":4,"minecraft:tnt":14,"minecraft:crafting_table":9,"minecraft:red_bed":2,"minecraft:white_bed":29,"minecraft:spruce_log":1087,"minecraft:smoker":5,"minecraft:oak_log":49,"minecraft:piston":44,"minecraft:diamond_pickaxe":10306,"minecraft:apple":4,"minecraft:diamond_shovel":2886,"minecraft:spruce_trapdoor":20,"minecraft:iron_pickaxe":1316,"minecraft:stone_slab":5,"minecraft:spruce_sapling":52,"minecraft:stone_axe":96,"minecraft:cobblestone":740,"minecraft:porkchop":6,"minecraft:cooked_porkchop":20,"minecraft:bucket":143,"minecraft:splash_potion":1,"minecraft:smooth_stone":4},"minecraft:broken":{"minecraft:iron_shovel":4,"minecraft:shears":1,"minecraft:stone_pickaxe":7,"minecraft:diamond_shovel":1,"minecraft:diamond_pickaxe":3,"minecraft:stone_shovel":3,"minecraft:diamond_axe":1,"minecraft:iron_axe":2,"minecraft:iron_pickaxe":5},"minecraft:mined":{"minecraft:spruce_planks":196,"minecraft:white_bed":15,"minecraft:farmland":1,"minecraft:mossy_stone_brick_slab":1,"minecraft:potted_cactus":1,"minecraft:brewing_stand":1,"minecraft:obsidian":154,"minecraft:spruce_trapdoor":9,"minecraft:granite":341,"minecraft:grass_block":2495,"minecraft:composter":1,"minecraft:hopper":4,"minecraft:oak_wall_sign":1,"minecraft:chiseled_stone_bricks":2,"minecraft:smooth_stone":4,"minecraft:tall_seagrass":8,"minecraft:magma_block":30,"minecraft:iron_ore":696,"minecraft:fire":40,"minecraft:oak_sign":1,"minecraft:iron_bars":5,"minecraft:spruce_slab":1,"minecraft:red_bed":2,"minecraft:blackstone":4,"minecraft:kelp_plant":13,"minecraft:smoker":1,"minecraft:torch":43,"minecraft:blast_furnace":2,"minecraft:poppy":6,"minecraft:chest":31,"minecraft:glass":8,"minecraft:nether_quartz_ore":260,"minecraft:cobblestone":191,"minecraft:oak_planks":101,"minecraft:sugar_cane":195,"minecraft:wall_torch":20,"minecraft:cauldron":1,"minecraft:repeater":3,"minecraft:powered_rail":8,"minecraft:birch_log":144,"minecraft:wheat":122,"minecraft:warped_fungus":3,"minecraft:stone_brick_stairs":3,"minecraft:grass":92,"minecraft:oak_log":821,"minecraft:sand":157,"minecraft:dirt":2138,"minecraft:netherrack":2987,"minecraft:piston":8,"minecraft:oak_leaves":572,"minecraft:nether_gold_ore":21,"minecraft:diamond_ore":160,"minecraft:crying_obsidian":1,"minecraft:red_carpet":1,"minecraft:mossy_cobblestone":30,"minecraft:ladder":2,"minecraft:stone_button":1,"minecraft:spruce_fence":2,"minecraft:redstone_wire":5,"minecraft:spruce_leaves":450,"minecraft:kelp":10,"minecraft:infested_chiseled_stone_bricks":1,"minecraft:large_fern":71,"minecraft:redstone_ore":290,"minecraft:oak_trapdoor":3,"minecraft:spruce_sapling":4,"minecraft:furnace":5,"minecraft:carrots":185,"minecraft:andesite":319,"minecraft:stripped_spruce_log":7,"minecraft:peony":1,"minecraft:mossy_stone_brick_stairs":1,"minecraft:bookshelf":1,"minecraft:potatoes":369,"minecraft:shroomlight":9,"minecraft:vine":1,"minecraft:rail":35,"minecraft:stripped_oak_log":1,"minecraft:stone":5164,"minecraft:redstone_wall_torch":4,"minecraft:redstone_block":1,"minecraft:comparator":1,"minecraft:lily_of_the_valley":5,"minecraft:basalt":1,"minecraft:dandelion":22,"minecraft:observer":13,"minecraft:spruce_door":2,"minecraft:oak_fence":30,"minecraft:crafting_table":5,"minecraft:stone_slab":2,"minecraft:tall_grass":3,"minecraft:lapis_ore":25,"minecraft:diorite":219,"minecraft:warped_wart_block":1,"minecraft:spruce_stairs":6,"minecraft:cobblestone_wall":2,"minecraft:redstone_torch":1,"minecraft:sweet_berry_bush":8,"minecraft:ice":1,"minecraft:white_carpet":3,"minecraft:gray_bed":1,"minecraft:spruce_log":1873,"minecraft:birch_leaves":11,"minecraft:white_wall_banner":1,"minecraft:bee_nest":1,"minecraft:grass_path":9,"minecraft:coal_ore":1218,"minecraft:gravel":97,"minecraft:cobweb":1,"minecraft:cracked_stone_bricks":3,"minecraft:polished_andesite":1,"minecraft:stone_bricks":97,"minecraft:mossy_stone_bricks":4,"minecraft:gold_ore":94,"minecraft:infested_stone":1,"minecraft:fern":18},"minecraft:killed_by":{"minecraft:creeper":4},"minecraft:dropped":{"minecraft:iron_sword":1,"minecraft:diamond_axe":1,"minecraft:cooked_beef":9,"minecraft:baked_potato":26,"minecraft:ender_pearl":13,"minecraft:crafting_table":1,"minecraft:cooked_porkchop":52,"minecraft:rail":1,"minecraft:dirt":2,"minecraft:blackstone":2,"minecraft:golden_chestplate":2,"minecraft:wheat":29,"minecraft:rotten_flesh":23,"minecraft:diamond_shovel":1,"minecraft:carrot":303,"minecraft:poppy":13,"minecraft:firework_rocket":82,"minecraft:egg":1,"minecraft:water_bucket":1,"minecraft:netherite_pickaxe":1,"minecraft:wheat_seeds":5,"minecraft:tnt":34,"minecraft:minecart":1,"minecraft:iron_helmet":1,"minecraft:cobblestone":23,"minecraft:diorite":8,"minecraft:torch":117,"minecraft:iron_leggings":1,"minecraft:flint_and_steel":2,"minecraft:diamond_sword":4,"minecraft:potato":640,"minecraft:shield":1,"minecraft:diamond_pickaxe":2,"minecraft:iron_chestplate":1,"minecraft:oak_sapling":1,"minecraft:spider_eye":2,"minecraft:diamond_boots":1},"minecraft:crafted":{"minecraft:grindstone":1,"minecraft:smooth_stone":74,"minecraft:oak_planks":1896,"minecraft:cobblestone_slab":12,"minecraft:oak_sign":3,"minecraft:stone":629,"minecraft:diamond_shovel":4,"minecraft:nether_brick":12,"minecraft:bookshelf":12,"minecraft:cooked_mutton":7,"minecraft:quartz_block":37,"minecraft:glass":156,"minecraft:hopper":82,"minecraft:diamond_leggings":3,"minecraft:repeater":4,"minecraft:diamond_helmet":3,"minecraft:bow":3,"minecraft:iron_boots":1,"minecraft:comparator":5,"minecraft:chest":141,"minecraft:iron_door":3,"minecraft:rail":80,"minecraft:oak_fence":189,"minecraft:gray_bed":3,"minecraft:smoker":4,"minecraft:dropper":1,"minecraft:cooked_porkchop":5,"minecraft:diamond_axe":4,"minecraft:crafting_table":5,"minecraft:spruce_planks":1252,"minecraft:wooden_pickaxe":1,"minecraft:iron_helmet":1,"minecraft:spruce_door":6,"minecraft:hopper_minecart":6,"minecraft:birch_planks":220,"minecraft:dispenser":3,"minecraft:spruce_trapdoor":10,"minecraft:iron_chestplate":1,"minecraft:book":43,"minecraft:paper":135,"minecraft:charcoal":22,"minecraft:diamond_pickaxe":9,"minecraft:shield":3,"minecraft:stone_slab":6,"minecraft:stick":712,"minecraft:iron_ingot":283,"minecraft:iron_pickaxe":9,"minecraft:iron_block":3,"minecraft:stone_sword":1,"minecraft:gold_ingot":47,"minecraft:redstone_torch":75,"minecraft:composter":1,"minecraft:spruce_fence_gate":16,"minecraft:shears":20,"minecraft:wooden_sword":1,"minecraft:stone_shovel":4,"minecraft:furnace":48,"minecraft:stone_button":64,"minecraft:blast_furnace":4,"minecraft:piston":32,"minecraft:bone_meal":6,"minecraft:spruce_fence":99,"minecraft:oak_trapdoor":24,"minecraft:flint_and_steel":4,"minecraft:spruce_stairs":8,"minecraft:iron_axe":3,"minecraft:ladder":12,"minecraft:spruce_slab":18,"minecraft:iron_hoe":4,"minecraft:stone_pickaxe":8,"minecraft:cobblestone_wall":192,"minecraft:diamond_boots":3,"minecraft:spruce_boat":7,"minecraft:redstone_block":2,"minecraft:minecart":6,"minecraft:observer":55,"minecraft:cooked_beef":310,"minecraft:diamond_sword":4,"minecraft:enchanting_table":1,"minecraft:powered_rail":18,"minecraft:bucket":6,"minecraft:stone_axe":1,"minecraft:bread":1,"minecraft:air":0,"minecraft:blue_dye":1,"minecraft:oak_fence_gate":10,"minecraft:oak_boat":1,"minecraft:white_wool":2,"minecraft:wooden_axe":1,"minecraft:birch_trapdoor":6,"minecraft:iron_shovel":4,"minecraft:iron_leggings":1,"minecraft:stonecutter":1,"minecraft:anvil":1,"minecraft:white_bed":15,"minecraft:torch":820,"minecraft:diamond_chestplate":3}},"DataVersion":2567}