{"stats":{"minecraft:custom":{"minecraft:interact_with_crafting_table":334,"minecraft:open_barrel":47,"minecraft:bell_ring":6,"minecraft:eat_cake_slice":2,"minecraft:leave_game":121,"minecraft:time_since_death":239746,"minecraft:damage_blocked_by_shield":4323,"minecraft:deaths":18,"minecraft:jump":41652,"minecraft:enchant_item":65,"minecraft:interact_with_furnace":366,"minecraft:traded_with_villager":483,"minecraft:interact_with_cartography_table":1,"minecraft:sleep_in_bed":63,"minecraft:damage_dealt":169339,"minecraft:interact_with_smoker":63,"minecraft:inspect_dispenser":70,"minecraft:horse_one_cm":63552,"minecraft:interact_with_smithing_table":22,"minecraft:inspect_dropper":40,"minecraft:interact_with_anvil":47,"minecraft:inspect_hopper":309,"minecraft:sneak_time":227114,"minecraft:interact_with_blast_furnace":113,"minecraft:tune_noteblock":91,"minecraft:interact_with_stonecutter":32,"minecraft:time_since_rest":30832,"minecraft:swim_one_cm":654884,"minecraft:fly_one_cm":10163774,"minecraft:open_chest":2951,"minecraft:fall_one_cm":906781,"minecraft:animals_bred":593,"minecraft:open_shulker_box":95,"minecraft:damage_resisted":2099,"minecraft:sprint_one_cm":10798441,"minecraft:drop":1838,"minecraft:talked_to_villager":160,"minecraft:interact_with_brewingstand":11,"minecraft:walk_on_water_one_cm":530855,"minecraft:play_one_minute":3989934,"minecraft:open_enderchest":36,"minecraft:interact_with_beacon":11,"minecraft:player_kills":15,"minecraft:crouch_one_cm":908914,"minecraft:mob_kills":4604,"minecraft:climb_one_cm":106618,"minecraft:walk_one_cm":8455832,"minecraft:raid_win":2,"minecraft:walk_under_water_one_cm":917542,"minecraft:boat_one_cm":120102,"minecraft:raid_trigger":1,"minecraft:interact_with_grindstone":96,"minecraft:damage_taken":44235,"minecraft:damage_absorbed":163,"minecraft:minecart_one_cm":466176,"minecraft:aviate_one_cm":28272325},"minecraft:picked_up":{"minecraft:iron_chestplate":11,"minecraft:chainmail_boots":3,"minecraft:lead":14,"minecraft:stone_slab":15,"minecraft:diamond_sword":8,"minecraft:enchanted_book":4,"minecraft:golden_sword":3,"minecraft:music_disc_cat":1,"minecraft:string":49,"minecraft:soul_soil":3,"minecraft:shroomlight":1,"minecraft:gold_nugget":307,"minecraft:spruce_planks":2,"minecraft:melon_slice":6,"minecraft:golden_helmet":10,"minecraft:polished_blackstone_stairs":11,"minecraft:purpur_pillar":32,"minecraft:acacia_log":8,"minecraft:warped_planks":4,"minecraft:golden_chestplate":4,"minecraft:chiseled_nether_bricks":36,"minecraft:polished_basalt":14,"minecraft:red_tulip":1,"minecraft:iron_block":177,"minecraft:carved_pumpkin":28,"minecraft:glowstone":79,"minecraft:end_rod":2,"minecraft:netherite_chestplate":5,"minecraft:blaze_rod":6,"minecraft:iron_bars":49,"minecraft:snowball":129,"minecraft:birch_log":28,"minecraft:magma_block":826,"minecraft:polished_diorite_slab":3,"minecraft:feather":6,"minecraft:cooked_beef":409,"minecraft:iron_door":7,"minecraft:water_bucket":2,"minecraft:dark_oak_boat":1,"minecraft:flint":63,"minecraft:netherite_leggings":4,"minecraft:map":1,"minecraft:lantern":1,"minecraft:twisting_vines":19,"minecraft:dark_oak_sign":3,"minecraft:diamond_helmet":1,"minecraft:glowstone_dust":29,"minecraft:chiseled_polished_blackstone":22,"minecraft:warped_wart_block":20,"minecraft:dropper":2,"minecraft:ink_sac":31,"minecraft:dark_oak_log":445,"minecraft:lever":1,"minecraft:granite":730,"minecraft:bread":38,"minecraft:dark_oak_fence":19,"minecraft:crimson_roots":6,"minecraft:diamond_pickaxe":8,"minecraft:crafting_table":3,"minecraft:nether_wart":17,"minecraft:clay_ball":4,"minecraft:leather_leggings":3,"minecraft:redstone_lamp":1,"minecraft:purpur_block":8,"minecraft:cornflower":619,"minecraft:elytra":5,"minecraft:flint_and_steel":11,"minecraft:white_carpet":2,"minecraft:iron_shovel":3,"minecraft:cracked_stone_bricks":2,"minecraft:netherite_sword":9,"minecraft:beef":573,"minecraft:poppy":662,"minecraft:minecart":7,"minecraft:chest":8,"minecraft:birch_sapling":2,"minecraft:piston":59,"minecraft:egg":11,"minecraft:lime_shulker_box":1,"minecraft:sandstone":24,"minecraft:stone":1439,"minecraft:fire_charge":1,"minecraft:carrot":347,"minecraft:redstone":641,"minecraft:netherite_pickaxe":12,"minecraft:tnt":11,"minecraft:diamond_chestplate":10,"minecraft:shears":1,"minecraft:diamond_boots":1,"minecraft:hay_block":8,"minecraft:gold_ingot":6,"minecraft:totem_of_undying":7,"minecraft:polished_blackstone":3,"minecraft:white_wool":2,"minecraft:bone_block":1,"minecraft:rail":28,"minecraft:emerald_ore":1,"minecraft:oxeye_daisy":625,"minecraft:lapis_ore":6,"minecraft:yellow_shulker_box":1,"minecraft:purpur_stairs":1,"minecraft:oak_log":73,"minecraft:lily_pad":6,"minecraft:ancient_debris":20,"minecraft:golden_boots":7,"minecraft:paper":66,"minecraft:white_banner":6,"minecraft:apple":100,"minecraft:stone_bricks":38,"minecraft:kelp":1957,"minecraft:warped_stem":6,"minecraft:stone_pickaxe":1,"minecraft:iron_ore":511,"minecraft:glass_bottle":1,"minecraft:iron_sword":19,"minecraft:dark_oak_stairs":2,"minecraft:polished_andesite_stairs":2,"minecraft:dark_oak_slab":4,"minecraft:sweet_berries":398,"minecraft:gravel":670,"minecraft:crying_obsidian":2,"minecraft:dragon_egg":1,"minecraft:leather_helmet":1,"minecraft:diamond_shovel":3,"minecraft:firework_rocket":181,"minecraft:coal_ore":132,"minecraft:slime_ball":115,"minecraft:polished_diorite":20,"minecraft:redstone_ore":8,"minecraft:painting":69,"minecraft:warped_roots":23,"minecraft:polished_blackstone_brick_wall":2,"minecraft:oak_button":8,"minecraft:baked_potato":22,"minecraft:warped_nylium":111,"minecraft:hopper":20,"minecraft:ender_pearl":198,"minecraft:shulker_shell":2,"minecraft:wheat":1822,"minecraft:redstone_block":42,"minecraft:ender_chest":3,"minecraft:potion":2,"minecraft:gilded_blackstone":5,"minecraft:nether_brick":10,"minecraft:stone_brick_stairs":2,"minecraft:iron_leggings":12,"minecraft:netherite_ingot":5,"minecraft:oak_sign":4,"minecraft:activator_rail":5,"minecraft:black_shulker_box":4,"minecraft:smooth_stone":52,"minecraft:bucket":9,"minecraft:redstone_torch":15,"minecraft:cobblestone_slab":10,"minecraft:iron_pickaxe":11,"minecraft:iron_boots":7,"minecraft:stick":201,"minecraft:birch_trapdoor":20,"minecraft:oak_fence":1,"minecraft:torch":430,"minecraft:porkchop":26,"minecraft:diorite":553,"minecraft:quartz_block":63,"minecraft:nether_gold_ore":13,"minecraft:rotten_flesh":276,"minecraft:obsidian":162,"minecraft:cobblestone":9883,"minecraft:leather_chestplate":1,"minecraft:magma_cream":3,"minecraft:repeater":52,"minecraft:andesite":760,"minecraft:golden_leggings":4,"minecraft:beacon":5,"minecraft:potato":1617,"minecraft:lapis_lazuli":259,"minecraft:dirt":3028,"minecraft:polished_granite":53,"minecraft:leather_boots":1,"minecraft:glass":58,"minecraft:bone":861,"minecraft:bow":97,"minecraft:wheat_seeds":9033,"minecraft:grindstone":4,"minecraft:mossy_stone_bricks":4,"minecraft:bamboo":50,"minecraft:powered_rail":47,"minecraft:oak_planks":326,"minecraft:cooked_porkchop":1,"minecraft:poisonous_potato":3,"minecraft:polished_blackstone_slab":8,"minecraft:sand":3040,"minecraft:nether_brick_stairs":30,"minecraft:grass_block":1,"minecraft:mossy_cobblestone":26,"minecraft:sugar":10,"minecraft:diamond":66,"minecraft:slime_block":1,"minecraft:netherite_helmet":5,"minecraft:cracked_polished_blackstone_bricks":20,"minecraft:crossbow":4,"minecraft:bone_meal":11,"minecraft:golden_apple":3,"minecraft:emerald":170,"minecraft:oak_sapling":13,"minecraft:netherrack":6234,"minecraft:chorus_fruit":17,"minecraft:oak_leaves":30,"minecraft:azure_bluet":620,"minecraft:chicken":6,"minecraft:ladder":5,"minecraft:brown_mushroom":1,"minecraft:stone_brick_wall":1,"minecraft:gold_block":2,"minecraft:chain":2,"minecraft:shield":7,"minecraft:oak_trapdoor":7,"minecraft:iron_axe":9,"minecraft:wooden_sword":4,"minecraft:quartz_slab":68,"minecraft:blackstone":240,"minecraft:oak_boat":3,"minecraft:observer":20,"minecraft:light_gray_wool":1,"minecraft:lectern":11,"minecraft:blue_shulker_box":5,"minecraft:sugar_cane":1397,"minecraft:phantom_membrane":39,"minecraft:dark_oak_sapling":23,"minecraft:end_stone":288,"minecraft:polished_blackstone_bricks":38,"minecraft:quartz_pillar":1,"minecraft:stone_button":4,"minecraft:dark_oak_planks":21,"minecraft:arrow":1166,"minecraft:red_shulker_box":73,"minecraft:nether_bricks":6,"minecraft:pink_tulip":1,"minecraft:saddle":3,"minecraft:nether_brick_wall":17,"minecraft:netherite_boots":5,"minecraft:basalt":462,"minecraft:salmon":24,"minecraft:leather":692,"minecraft:birch_planks":128,"minecraft:crimson_fungus":6,"minecraft:chainmail_chestplate":1,"minecraft:nether_wart_block":7,"minecraft:gunpowder":103,"minecraft:cobblestone_stairs":52,"minecraft:cooked_mutton":1,"minecraft:iron_ingot":157,"minecraft:soul_sand":41,"minecraft:book":176,"minecraft:oak_slab":1,"minecraft:warped_fungus":14,"minecraft:nether_quartz_ore":74,"minecraft:pumpkin":7,"minecraft:quartz":260,"minecraft:dandelion":1180,"minecraft:lava_bucket":2,"minecraft:white_bed":11,"minecraft:nether_brick_slab":10,"minecraft:gold_ore":163,"minecraft:spider_eye":21,"minecraft:pumpkin_seeds":42,"minecraft:iron_helmet":8,"minecraft:dark_oak_wood":3,"minecraft:coal":667,"minecraft:sunflower":71},"minecraft:killed":{"minecraft:shulker":8,"minecraft:skeleton":2227,"minecraft:chicken":6,"minecraft:magma_cube":65,"minecraft:salmon":20,"minecraft:pillager":34,"minecraft:zombie":148,"minecraft:cow":217,"minecraft:evoker":5,"minecraft:vindicator":9,"minecraft:husk":8,"minecraft:wandering_trader":1,"minecraft:ravager":1,"minecraft:enderman":1474,"minecraft:witch":4,"minecraft:zombified_piglin":48,"minecraft:spider":42,"minecraft:silverfish":26,"minecraft:piglin":17,"minecraft:pig":6,"minecraft:zombie_villager":3,"minecraft:creeper":81,"minecraft:sheep":1,"minecraft:ghast":3,"minecraft:blaze":5,"minecraft:vex":4,"minecraft:slime":32,"minecraft:phantom":72,"minecraft:drowned":6,"minecraft:bat":1,"minecraft:hoglin":3,"minecraft:squid":5},"minecraft:used":{"minecraft:polished_blackstone":4,"minecraft:ladder":10,"minecraft:chest":55,"minecraft:stone":199,"minecraft:rotten_flesh":11,"minecraft:soul_sand":5,"minecraft:snowball":48,"minecraft:polished_blackstone_slab":22,"minecraft:lava_bucket":44,"minecraft:quartz_pillar":9,"minecraft:birch_sapling":2,"minecraft:quartz_block":107,"minecraft:dark_oak_slab":5,"minecraft:stone_brick_stairs":1,"minecraft:bow":1389,"minecraft:oak_sapling":6,"minecraft:sweet_berries":49,"minecraft:furnace":8,"minecraft:egg":7,"minecraft:potato":297,"minecraft:emerald_ore":1,"minecraft:diorite":12,"minecraft:damaged_anvil":2,"minecraft:chorus_fruit":7,"minecraft:powered_rail":7,"minecraft:blackstone":29,"minecraft:wooden_pickaxe":4,"minecraft:composter":1,"minecraft:purpur_pillar":6,"minecraft:oak_leaves":28,"minecraft:golden_apple":2,"minecraft:sand":10,"minecraft:blast_furnace":1,"minecraft:lectern":12,"minecraft:polished_granite":11,"minecraft:nether_wart_block":7,"minecraft:diamond_sword":480,"minecraft:fire_charge":1,"minecraft:wooden_sword":75,"minecraft:dark_oak_fence":7,"minecraft:smithing_table":1,"minecraft:oak_trapdoor":8,"minecraft:iron_bars":134,"minecraft:carved_pumpkin":4,"minecraft:cooked_salmon":29,"minecraft:netherrack":1528,"minecraft:torch":1646,"minecraft:dragon_egg":1,"minecraft:warped_wart_block":6,"minecraft:nether_quartz_ore":39,"minecraft:twisting_vines":11,"minecraft:nether_brick_slab":16,"minecraft:nether_brick_stairs":72,"minecraft:oak_fence_gate":2,"minecraft:polished_diorite":9,"minecraft:shroomlight":1,"minecraft:red_shulker_box":58,"minecraft:iron_block":212,"minecraft:iron_axe":197,"minecraft:slime_block":1,"minecraft:totem_of_undying":5,"minecraft:bamboo":16,"minecraft:basalt":148,"minecraft:glowstone":10,"minecraft:beef":2,"minecraft:observer":25,"minecraft:wheat_seeds":1784,"minecraft:water_bucket":251,"minecraft:nether_brick_wall":9,"minecraft:birch_planks":11,"minecraft:polished_blackstone_bricks":12,"minecraft:salmon":6,"minecraft:rail":5,"minecraft:tnt":15,"minecraft:crafting_table":8,"minecraft:white_bed":13,"minecraft:diamond_pickaxe":5178,"minecraft:diamond_shovel":5582,"minecraft:sunflower":26,"minecraft:oak_button":8,"minecraft:iron_pickaxe":7443,"minecraft:cobblestone":2834,"minecraft:potion":4,"minecraft:cooked_porkchop":21,"minecraft:iron_shovel":450,"minecraft:oak_sign":7,"minecraft:polished_basalt":14,"minecraft:shield":64,"minecraft:iron_sword":963,"minecraft:nether_wart":5,"minecraft:nether_bricks":3,"minecraft:carrot":45,"minecraft:obsidian":45,"minecraft:glass":367,"minecraft:quartz_slab":151,"minecraft:lantern":1,"minecraft:polished_blackstone_brick_wall":22,"minecraft:warped_nylium":50,"minecraft:crimson_roots":1,"minecraft:hopper_minecart":4,"minecraft:stone_bricks":4,"minecraft:birch_button":1,"minecraft:birch_trapdoor":21,"minecraft:repeater":112,"minecraft:redstone_lamp":81,"minecraft:magma_block":115,"minecraft:warped_fungus":13,"minecraft:hay_block":42,"minecraft:blue_shulker_box":1,"minecraft:polished_blackstone_stairs":31,"minecraft:dark_oak_sapling":10,"minecraft:dark_oak_stairs":3,"minecraft:chiseled_polished_blackstone":35,"minecraft:end_rod":2,"minecraft:dropper":5,"minecraft:stone_pickaxe":262,"minecraft:dark_oak_sign":14,"minecraft:oak_planks":13,"minecraft:polished_diorite_slab":9,"minecraft:ender_pearl":43,"minecraft:redstone_block":37,"minecraft:sugar_cane":100,"minecraft:diamond_axe":159,"minecraft:crossbow":7,"minecraft:stone_brick_wall":1,"minecraft:end_stone":204,"minecraft:redstone_torch":12,"minecraft:lever":2,"minecraft:firework_rocket":71,"minecraft:melon_slice":3,"minecraft:bread":127,"minecraft:iron_door":7,"minecraft:gravel":21,"minecraft:grindstone":4,"minecraft:andesite":40,"minecraft:chain":7,"minecraft:bone_meal":93,"minecraft:oak_fence":39,"minecraft:purpur_block":3,"minecraft:trident":1,"minecraft:netherite_sword":1453,"minecraft:flint_and_steel":150,"minecraft:redstone":263,"minecraft:spruce_planks":1,"minecraft:ender_chest":5,"minecraft:stone_hoe":82,"minecraft:cooked_chicken":13,"minecraft:dirt":1101,"minecraft:white_carpet":10,"minecraft:hopper":34,"minecraft:granite":62,"minecraft:dark_oak_planks":27,"minecraft:bookshelf":10,"minecraft:polished_blackstone_brick_stairs":6,"minecraft:netherite_pickaxe":16770,"minecraft:minecart":1,"minecraft:cooked_beef":430,"minecraft:pumpkin":4,"minecraft:cooked_mutton":6,"minecraft:cobblestone_stairs":258,"minecraft:glass_bottle":15,"minecraft:baked_potato":72,"minecraft:beacon":5,"minecraft:chiseled_nether_bricks":37,"minecraft:cobblestone_slab":8,"minecraft:warped_roots":13,"minecraft:painting":70,"minecraft:piston":79,"minecraft:apple":2,"minecraft:cracked_polished_blackstone_bricks":20,"minecraft:map":1,"minecraft:lapis_ore":2,"minecraft:stone_slab":9,"minecraft:stone_axe":86,"minecraft:crimson_fungus":2,"minecraft:white_banner":6,"minecraft:bucket":298,"minecraft:smooth_stone":47,"minecraft:splash_potion":1},"minecraft:broken":{"minecraft:golden_boots":2,"minecraft:iron_boots":1,"minecraft:wooden_sword":2,"minecraft:iron_sword":2,"minecraft:iron_axe":1,"minecraft:iron_pickaxe":16,"minecraft:iron_helmet":3,"minecraft:iron_shovel":1,"minecraft:golden_leggings":1,"minecraft:stone_pickaxe":2,"minecraft:golden_chestplate":1,"minecraft:flint_and_steel":2},"minecraft:mined":{"minecraft:dark_oak_planks":18,"minecraft:red_shulker_box":58,"minecraft:white_bed":10,"minecraft:obsidian":31,"minecraft:carved_pumpkin":12,"minecraft:granite":709,"minecraft:chiseled_polished_blackstone":22,"minecraft:acacia_log":9,"minecraft:stone_brick_wall":1,"minecraft:purpur_slab":1,"minecraft:crimson_fungus":4,"minecraft:hopper":16,"minecraft:oak_wall_sign":2,"minecraft:nether_wart":5,"minecraft:polished_blackstone_bricks":38,"minecraft:tall_seagrass":11,"minecraft:magma_block":928,"minecraft:fire":209,"minecraft:pumpkin":7,"minecraft:nether_brick_stairs":28,"minecraft:quartz_slab":35,"minecraft:iron_block":208,"minecraft:tripwire":1,"minecraft:crimson_nylium":55,"minecraft:torch":80,"minecraft:melon":1,"minecraft:nether_brick_slab":7,"minecraft:polished_diorite_slab":5,"minecraft:glass":44,"minecraft:sugar_cane":740,"minecraft:birch_sapling":1,"minecraft:chain":2,"minecraft:repeater":46,"minecraft:wheat":1815,"minecraft:warped_fungus":14,"minecraft:stone_brick_stairs":1,"minecraft:grass":107,"minecraft:dark_oak_sapling":2,"minecraft:blue_shulker_box":3,"minecraft:piston":34,"minecraft:nether_brick_wall":1,"minecraft:dark_oak_log":255,"minecraft:end_stone":294,"minecraft:nether_bricks":5,"minecraft:dark_oak_fence":7,"minecraft:crimson_roots":2,"minecraft:redstone_wire":149,"minecraft:redstone_ore":72,"minecraft:snow":122,"minecraft:andesite":787,"minecraft:potatoes":270,"minecraft:cobblestone_slab":4,"minecraft:rail":17,"minecraft:warped_stem":4,"minecraft:bamboo":19,"minecraft:ender_chest":6,"minecraft:oak_slab":1,"minecraft:redstone_block":6,"minecraft:chiseled_nether_bricks":10,"minecraft:soul_sand":14,"minecraft:observer":14,"minecraft:polished_blackstone_brick_wall":2,"minecraft:dandelion":4,"minecraft:cornflower":16,"minecraft:emerald_ore":4,"minecraft:dropper":2,"minecraft:warped_roots":23,"minecraft:purpur_pillar":35,"minecraft:tall_grass":21,"minecraft:diorite":576,"minecraft:warped_wart_block":18,"minecraft:dark_oak_wall_sign":1,"minecraft:quartz_pillar":1,"minecraft:dark_oak_sign":1,"minecraft:sunflower":60,"minecraft:gravel":389,"minecraft:oak_button":8,"minecraft:polished_blackstone":4,"minecraft:stone_bricks":40,"minecraft:gold_ore":163,"minecraft:infested_stone":36,"minecraft:spruce_planks":2,"minecraft:farmland":1,"minecraft:cobblestone_stairs":51,"minecraft:grass_block":941,"minecraft:infested_cobblestone":1,"minecraft:cracked_polished_blackstone_bricks":20,"minecraft:soul_soil":3,"minecraft:polished_diorite":20,"minecraft:smooth_stone":50,"minecraft:glowstone":83,"minecraft:iron_ore":523,"minecraft:dark_oak_stairs":1,"minecraft:iron_bars":24,"minecraft:quartz_block":32,"minecraft:blackstone":229,"minecraft:twisting_vines_plant":7,"minecraft:purpur_stairs":1,"minecraft:clay":1,"minecraft:poppy":1,"minecraft:beacon":5,"minecraft:chest":7,"minecraft:mushroom_stem":1,"minecraft:nether_quartz_ore":174,"minecraft:cobblestone":1380,"minecraft:slime_block":1,"minecraft:grindstone":4,"minecraft:oak_planks":11,"minecraft:iron_door":7,"minecraft:wall_torch":59,"minecraft:seagrass":10,"minecraft:warped_nylium":147,"minecraft:powered_rail":6,"minecraft:dark_oak_slab":4,"minecraft:dark_oak_door":1,"minecraft:nether_wart_block":7,"minecraft:birch_log":16,"minecraft:birch_trapdoor":1,"minecraft:purpur_block":14,"minecraft:oak_log":64,"minecraft:sand":3127,"minecraft:dirt":2024,"minecraft:netherrack":11148,"minecraft:ancient_debris":20,"minecraft:oak_leaves":19,"minecraft:redstone_lamp":1,"minecraft:nether_gold_ore":55,"minecraft:diamond_ore":12,"minecraft:crying_obsidian":1,"minecraft:dark_oak_leaves":16,"minecraft:ladder":7,"minecraft:brown_mushroom_block":1,"minecraft:spruce_leaves":10,"minecraft:large_fern":1,"minecraft:hay_block":8,"minecraft:oak_trapdoor":1,"minecraft:carrots":43,"minecraft:nether_sprouts":13,"minecraft:polished_basalt":14,"minecraft:gold_block":2,"minecraft:bookshelf":10,"minecraft:shroomlight":1,"minecraft:lantern":1,"minecraft:chorus_plant":2,"minecraft:stone":9789,"minecraft:redstone_wall_torch":3,"minecraft:acacia_leaves":5,"minecraft:infested_stone_bricks":3,"minecraft:basalt":321,"minecraft:oak_fence":2,"minecraft:crafting_table":2,"minecraft:lectern":11,"minecraft:stone_slab":7,"minecraft:lapis_ore":18,"minecraft:birch_planks":1,"minecraft:polished_blackstone_stairs":11,"minecraft:polished_blackstone_slab":8,"minecraft:redstone_torch":9,"minecraft:sweet_berry_bush":84,"minecraft:coal_ore":537,"minecraft:end_rod":1,"minecraft:cracked_stone_bricks":3,"minecraft:mossy_stone_bricks":5},"minecraft:killed_by":{"minecraft:zombie":1,"minecraft:wolf":1,"minecraft:zombified_piglin":1,"minecraft:creeper":1,"minecraft:player":9,"minecraft:enderman":1},"minecraft:dropped":{"minecraft:iron_sword":10,"minecraft:porkchop":3,"minecraft:lapis_lazuli":1,"minecraft:cooked_beef":109,"minecraft:glass_bottle":5,"minecraft:diamond":25,"minecraft:crafting_table":3,"minecraft:cooked_porkchop":5,"minecraft:crossbow":28,"minecraft:warped_roots":10,"minecraft:saddle":3,"minecraft:purpur_stairs":1,"minecraft:elytra":8,"minecraft:rail":27,"minecraft:leather_helmet":13,"minecraft:emerald":137,"minecraft:dirt":892,"minecraft:stone_button":4,"minecraft:netherite_boots":2,"minecraft:gold_nugget":38,"minecraft:bone_meal":1536,"minecraft:sunflower":25,"minecraft:phantom_membrane":18,"minecraft:sand":184,"minecraft:sugar":7,"minecraft:iron_pickaxe":4,"minecraft:dark_oak_planks":43,"minecraft:dark_oak_boat":1,"minecraft:white_wool":1,"minecraft:bone":479,"minecraft:stone_axe":13,"minecraft:sugar_cane":269,"minecraft:golden_chestplate":16,"minecraft:nether_brick":2,"minecraft:netherite_sword":6,"minecraft:wheat":20,"minecraft:obsidian":11,"minecraft:rotten_flesh":282,"minecraft:oak_planks":62,"minecraft:glowstone_dust":13,"minecraft:end_stone":34,"minecraft:golden_shovel":1,"minecraft:azure_bluet":1,"minecraft:salmon":2,"minecraft:warped_planks":16,"minecraft:coal_ore":132,"minecraft:quartz_block":1,"minecraft:hopper":2,"minecraft:leather_boots":15,"minecraft:ladder":5,"minecraft:leather_leggings":19,"minecraft:glass":63,"minecraft:warped_wart_block":14,"minecraft:crying_obsidian":1,"minecraft:egg":3,"minecraft:enchanted_book":8,"minecraft:golden_boots":19,"minecraft:iron_ingot":372,"minecraft:chiseled_nether_bricks":10,"minecraft:netherite_pickaxe":6,"minecraft:black_dye":3,"minecraft:wheat_seeds":1359,"minecraft:tnt":95,"minecraft:polished_blackstone":3,"minecraft:netherite_chestplate":1,"minecraft:netherite_helmet":2,"minecraft:iron_helmet":4,"minecraft:oak_fence":2,"minecraft:feather":8,"minecraft:cobblestone":2249,"minecraft:book":40,"minecraft:granite":356,"minecraft:chainmail_helmet":1,"minecraft:ink_sac":11,"minecraft:diamond_helmet":1,"minecraft:dried_kelp":8,"minecraft:pumpkin":6,"minecraft:white_banner":9,"minecraft:smooth_stone":3,"minecraft:iron_shovel":1,"minecraft:chainmail_leggings":3,"minecraft:paper":21,"minecraft:string":30,"minecraft:lily_pad":4,"minecraft:pink_tulip":1,"minecraft:purpur_pillar":26,"minecraft:redstone_ore":1,"minecraft:soul_soil":1,"minecraft:netherite_ingot":1,"minecraft:chicken":1,"minecraft:white_carpet":2,"minecraft:clay_ball":4,"minecraft:iron_boots":8,"minecraft:stone_slab":1,"minecraft:damaged_anvil":2,"minecraft:name_tag":4,"minecraft:nether_bricks":1,"minecraft:shears":4,"minecraft:pumpkin_seeds":18,"minecraft:diamond_sword":6,"minecraft:potato":904,"minecraft:cobblestone_slab":13,"minecraft:stone":138,"minecraft:diamond_pickaxe":6,"minecraft:carved_pumpkin":16,"minecraft:bamboo":438,"minecraft:spider_eye":20,"minecraft:stone_bricks":24,"minecraft:sandstone":12,"minecraft:bow":343,"minecraft:red_tulip":1,"minecraft:magma_block":709,"minecraft:quartz_slab":3,"minecraft:blue_shulker_box":9,"minecraft:soul_sand":11,"minecraft:birch_planks":4,"minecraft:baked_potato":27,"minecraft:ender_pearl":138,"minecraft:dark_oak_sapling":8,"minecraft:lime_shulker_box":4,"minecraft:lantern":4,"minecraft:leather":147,"minecraft:jungle_planks":4,"minecraft:flint":42,"minecraft:cobblestone_stairs":1,"minecraft:dark_oak_log":163,"minecraft:netherite_scrap":1,"minecraft:cornflower":5,"minecraft:crimson_roots":5,"minecraft:snowball":23,"minecraft:black_shulker_box":10,"minecraft:gilded_blackstone":4,"minecraft:gold_ingot":8,"minecraft:gravel":536,"minecraft:chiseled_polished_blackstone":7,"minecraft:purpur_block":5,"minecraft:blackstone":65,"minecraft:twisting_vines":2,"minecraft:diamond_shovel":1,"minecraft:carrot":212,"minecraft:brown_shulker_box":5,"minecraft:chainmail_chestplate":6,"minecraft:shulker_shell":2,"minecraft:poppy":67,"minecraft:leather_chestplate":18,"minecraft:trident":1,"minecraft:gunpowder":53,"minecraft:birch_trapdoor":1,"minecraft:dropper":1,"minecraft:chest":13,"minecraft:chainmail_boots":9,"minecraft:powered_rail":47,"minecraft:iron_ore":3,"minecraft:basalt":117,"minecraft:arrow":701,"minecraft:quartz":10,"minecraft:oak_leaves":3,"minecraft:netherrack":2395,"minecraft:firework_rocket":28,"minecraft:stone_hoe":2,"minecraft:water_bucket":2,"minecraft:bread":15,"minecraft:oak_slab":1,"minecraft:golden_helmet":23,"minecraft:mossy_cobblestone":26,"minecraft:bookshelf":1,"minecraft:poisonous_potato":3,"minecraft:spectral_arrow":2,"minecraft:activator_rail":6,"minecraft:acacia_log":8,"minecraft:grass_block":1,"minecraft:stick":152,"minecraft:iron_block":22,"minecraft:diorite":169,"minecraft:nether_gold_ore":2,"minecraft:torch":97,"minecraft:melon_slice":3,"minecraft:yellow_shulker_box":3,"minecraft:iron_leggings":6,"minecraft:polished_andesite_stairs":1,"minecraft:iron_axe":16,"minecraft:polished_basalt":22,"minecraft:bucket":2,"minecraft:redstone":52,"minecraft:polished_diorite":2,"minecraft:kelp":27,"minecraft:sweet_berries":233,"minecraft:warped_nylium":6,"minecraft:blaze_rod":2,"minecraft:netherite_leggings":1,"minecraft:shield":3,"minecraft:oak_button":1,"minecraft:diamond_chestplate":4,"minecraft:iron_chestplate":9,"minecraft:andesite":350,"minecraft:mossy_stone_bricks":1,"minecraft:golden_leggings":21,"minecraft:oak_boat":4,"minecraft:oak_sapling":3,"minecraft:golden_sword":2,"minecraft:birch_sign":12,"minecraft:slime_ball":113,"minecraft:wooden_pickaxe":1,"minecraft:nether_quartz_ore":3,"minecraft:magma_cream":1},"minecraft:crafted":{"minecraft:ender_chest":2,"minecraft:black_dye":3,"minecraft:smooth_stone":8,"minecraft:oak_sign":3,"minecraft:blaze_powder":4,"minecraft:chain":5,"minecraft:lever":1,"minecraft:diamond_shovel":1,"minecraft:nether_brick":1102,"minecraft:bookshelf":12,"minecraft:iron_bars":144,"minecraft:quartz_block":140,"minecraft:glass":320,"minecraft:diamond_helmet":1,"minecraft:repeater":70,"minecraft:diamond_leggings":1,"minecraft:polished_blackstone":4,"minecraft:dried_kelp_block":366,"minecraft:name_tag":2,"minecraft:glass_bottle":15,"minecraft:redstone_lamp":80,"minecraft:emerald":445,"minecraft:cooked_porkchop":20,"minecraft:diamond_axe":1,"minecraft:smithing_table":1,"minecraft:hay_block":34,"minecraft:lectern":1,"minecraft:stone_slab":6,"minecraft:iron_pickaxe":15,"minecraft:iron_block":148,"minecraft:gold_ingot":250,"minecraft:netherite_ingot":4,"minecraft:composter":1,"minecraft:iron_nugget":29,"minecraft:bone_meal":5657,"minecraft:lantern":4,"minecraft:dark_oak_fence":12,"minecraft:ladder":6,"minecraft:stone_pickaxe":2,"minecraft:diamond_boots":1,"minecraft:quartz_slab":30,"minecraft:redstone_block":28,"minecraft:dark_oak_planks":1196,"minecraft:wheat":135,"minecraft:coal_block":16,"minecraft:glowstone":4,"minecraft:enchanted_book":33,"minecraft:oak_fence_gate":2,"minecraft:fermented_spider_eye":1,"minecraft:birch_trapdoor":2,"minecraft:iron_shovel":2,"minecraft:iron_leggings":5,"minecraft:white_bed":2,"minecraft:oak_planks":256,"minecraft:cobblestone_slab":6,"minecraft:cooked_chicken":6,"minecraft:cobblestone_stairs":272,"minecraft:stone":392,"minecraft:quartz_pillar":8,"minecraft:warped_planks":24,"minecraft:hopper":41,"minecraft:iron_boots":5,"minecraft:chest":111,"minecraft:oak_button":1,"minecraft:birch_button":1,"minecraft:stone_hoe":2,"minecraft:ender_eye":2,"minecraft:oak_fence":36,"minecraft:polished_diorite_slab":6,"minecraft:dropper":2,"minecraft:crafting_table":9,"minecraft:iron_helmet":4,"minecraft:wooden_pickaxe":1,"minecraft:baked_potato":13,"minecraft:gold_block":14,"minecraft:hopper_minecart":4,"minecraft:birch_planks":250,"minecraft:tnt":99,"minecraft:apple":48,"minecraft:paper":2473,"minecraft:dark_oak_slab":12,"minecraft:book":237,"minecraft:iron_chestplate":5,"minecraft:diamond_pickaxe":1,"minecraft:charcoal":6,"minecraft:emerald_block":9,"minecraft:shield":2,"minecraft:birch_fence":3,"minecraft:stick":924,"minecraft:iron_ingot":1619,"minecraft:snow_block":8,"minecraft:redstone_torch":145,"minecraft:dark_oak_fence_gate":2,"minecraft:shears":3,"minecraft:wooden_sword":1,"minecraft:redstone":441,"minecraft:coal":144,"minecraft:furnace":9,"minecraft:blast_furnace":1,"minecraft:piston":22,"minecraft:dark_oak_sign":6,"minecraft:flint_and_steel":2,"minecraft:iron_axe":1,"minecraft:netherite_scrap":17,"minecraft:birch_sign":12,"minecraft:observer":15,"minecraft:minecart":1,"minecraft:cooked_beef":347,"minecraft:sugar":3,"minecraft:diamond_sword":1,"minecraft:iron_sword":3,"minecraft:nether_bricks":258,"minecraft:cooked_salmon":12,"minecraft:bucket":10,"minecraft:stone_axe":13,"minecraft:air":0,"minecraft:bread":141,"minecraft:jungle_planks":40,"minecraft:oak_boat":1,"minecraft:gold_nugget":7,"minecraft:torch":1696,"minecraft:lapis_lazuli":99,"minecraft:lapis_block":5,"minecraft:diamond_chestplate":1,"minecraft:firework_rocket":1292}},"DataVersion":2567}