{"stats":{"minecraft:custom":{"minecraft:animals_bred":341,"minecraft:interact_with_crafting_table":187,"minecraft:open_barrel":5,"minecraft:open_shulker_box":2,"minecraft:eat_cake_slice":1,"minecraft:leave_game":218,"minecraft:time_since_death":326171,"minecraft:damage_resisted":1386,"minecraft:sprint_one_cm":16879981,"minecraft:damage_blocked_by_shield":90,"minecraft:drop":602,"minecraft:talked_to_villager":384,"minecraft:deaths":104,"minecraft:jump":37572,"minecraft:interact_with_brewingstand":5,"minecraft:walk_on_water_one_cm":604523,"minecraft:interact_with_furnace":339,"minecraft:play_record":2,"minecraft:traded_with_villager":615,"minecraft:play_one_minute":3492172,"minecraft:sleep_in_bed":172,"minecraft:open_enderchest":83,"minecraft:damage_dealt":64861,"minecraft:crouch_one_cm":8135,"minecraft:interact_with_smoker":22,"minecraft:horse_one_cm":26815,"minecraft:interact_with_smithing_table":1,"minecraft:interact_with_anvil":16,"minecraft:mob_kills":481,"minecraft:inspect_hopper":2,"minecraft:climb_one_cm":287941,"minecraft:walk_one_cm":9064974,"minecraft:target_hit":2,"minecraft:raid_win":1,"minecraft:sneak_time":9462,"minecraft:walk_under_water_one_cm":338130,"minecraft:boat_one_cm":22828,"minecraft:interact_with_blast_furnace":14,"minecraft:tune_noteblock":19,"minecraft:pot_flower":2,"minecraft:interact_with_stonecutter":2,"minecraft:interact_with_grindstone":6,"minecraft:time_since_rest":22213,"minecraft:damage_taken":55664,"minecraft:minecart_one_cm":164902,"minecraft:swim_one_cm":397711,"minecraft:fly_one_cm":6395113,"minecraft:open_chest":2018,"minecraft:aviate_one_cm":762324,"minecraft:fish_caught":12,"minecraft:fall_one_cm":837659},"minecraft:picked_up":{"minecraft:iron_chestplate":8,"minecraft:wheat":921,"minecraft:redstone_block":1,"minecraft:flower_pot":2,"minecraft:lead":86,"minecraft:diamond_sword":47,"minecraft:oak_stairs":123,"minecraft:potion":2,"minecraft:enchanted_book":1,"minecraft:golden_sword":1,"minecraft:music_disc_cat":1,"minecraft:string":95,"minecraft:cooked_salmon":4,"minecraft:iron_leggings":20,"minecraft:oak_sign":5,"minecraft:diamond_leggings":2,"minecraft:gold_nugget":27,"minecraft:smooth_stone":96,"minecraft:bucket":1,"minecraft:dark_oak_leaves":46,"minecraft:spruce_planks":1,"minecraft:light_weighted_pressure_plate":1,"minecraft:rose_bush":29,"minecraft:redstone_torch":2,"minecraft:cobblestone_slab":4,"minecraft:iron_pickaxe":37,"minecraft:melon_slice":67,"minecraft:iron_boots":9,"minecraft:furnace":3,"minecraft:dark_oak_door":8,"minecraft:stick":419,"minecraft:composter":2,"minecraft:oak_fence":175,"minecraft:torch":161,"minecraft:spruce_stairs":26,"minecraft:porkchop":173,"minecraft:target":1,"minecraft:diorite":127,"minecraft:golden_chestplate":1,"minecraft:quartz_block":2,"minecraft:stone_sword":6,"minecraft:rotten_flesh":186,"minecraft:red_tulip":1,"minecraft:glowstone":1,"minecraft:leather_horse_armor":2,"minecraft:cod":9,"minecraft:snowball":348,"minecraft:cobblestone":1116,"minecraft:birch_log":8,"minecraft:feather":14,"minecraft:cooked_beef":433,"minecraft:birch_slab":136,"minecraft:water_bucket":30,"minecraft:andesite":11,"minecraft:golden_leggings":1,"minecraft:potato":169,"minecraft:flint":23,"minecraft:dirt":3200,"minecraft:lantern":4,"minecraft:name_tag":2,"minecraft:leather_boots":5,"minecraft:bone":111,"minecraft:acacia_planks":1,"minecraft:bow":16,"minecraft:gray_terracotta":2,"minecraft:wheat_seeds":5027,"minecraft:fletching_table":3,"minecraft:diamond_helmet":19,"minecraft:glowstone_dust":4,"minecraft:powered_rail":4,"minecraft:stone_hoe":6,"minecraft:oak_planks":1685,"minecraft:cooked_porkchop":375,"minecraft:sand":221,"minecraft:ink_sac":11,"minecraft:dark_oak_log":534,"minecraft:barrel":3,"minecraft:mossy_cobblestone":1,"minecraft:sugar":1,"minecraft:spruce_boat":1,"minecraft:crossbow":19,"minecraft:granite":66,"minecraft:bone_meal":29,"minecraft:white_concrete":411,"minecraft:chainmail_helmet":1,"minecraft:emerald":21,"minecraft:oak_sapling":30,"minecraft:netherrack":446,"minecraft:dark_oak_fence":4,"minecraft:bricks":4,"minecraft:diamond_pickaxe":20,"minecraft:fishing_rod":4,"minecraft:charcoal":8,"minecraft:crafting_table":6,"minecraft:chicken":7,"minecraft:ladder":20,"minecraft:leather_leggings":2,"minecraft:wooden_pickaxe":6,"minecraft:shield":14,"minecraft:oak_trapdoor":89,"minecraft:elytra":13,"minecraft:iron_axe":13,"minecraft:wooden_sword":8,"minecraft:iron_shovel":23,"minecraft:blackstone":39,"minecraft:glass_pane":141,"minecraft:beef":497,"minecraft:poppy":51,"minecraft:minecart":12,"minecraft:quartz_stairs":2,"minecraft:sugar_cane":59,"minecraft:chest":12,"minecraft:birch_sapling":1,"minecraft:spruce_trapdoor":4,"minecraft:piston":3,"minecraft:egg":2,"minecraft:dark_oak_sapling":5,"minecraft:stone":56,"minecraft:oak_door":3,"minecraft:cake":2,"minecraft:carrot":270,"minecraft:redstone":51,"minecraft:dark_oak_planks":7,"minecraft:tnt":23,"minecraft:arrow":1196,"minecraft:stone_shovel":17,"minecraft:diamond_chestplate":17,"minecraft:diamond_boots":12,"minecraft:saddle":12,"minecraft:totem_of_undying":3,"minecraft:mutton":21,"minecraft:rail":1,"minecraft:white_wool":10,"minecraft:oxeye_daisy":2,"minecraft:basalt":29,"minecraft:tripwire_hook":2,"minecraft:salmon":69,"minecraft:leather":586,"minecraft:oak_log":436,"minecraft:lily_pad":10,"minecraft:golden_boots":10,"minecraft:gunpowder":24,"minecraft:white_banner":33,"minecraft:cooked_mutton":1,"minecraft:apple":12,"minecraft:iron_ingot":692,"minecraft:music_disc_far":3,"minecraft:oak_fence_gate":2,"minecraft:stone_pickaxe":8,"minecraft:iron_ore":49,"minecraft:iron_sword":4,"minecraft:dark_oak_stairs":40,"minecraft:oak_slab":297,"minecraft:dark_oak_slab":2,"minecraft:sweet_berries":32,"minecraft:dandelion":2,"minecraft:gravel":53,"minecraft:spruce_sapling":3,"minecraft:white_bed":30,"minecraft:spruce_log":182,"minecraft:gold_ore":15,"minecraft:spider_eye":29,"minecraft:leather_helmet":4,"minecraft:firework_rocket":2,"minecraft:diamond_shovel":14,"minecraft:pumpkin_seeds":9,"minecraft:white_concrete_powder":79,"minecraft:stone_axe":16,"minecraft:iron_helmet":12,"minecraft:diamond_axe":4,"minecraft:painting":33,"minecraft:birch_sign":2,"minecraft:baked_potato":1013,"minecraft:melon_seeds":11,"minecraft:black_wool":2,"minecraft:coal":575,"minecraft:sunflower":6,"minecraft:ender_pearl":16},"minecraft:killed":{"minecraft:zombified_piglin":7,"minecraft:spider":28,"minecraft:skeleton":31,"minecraft:chicken":5,"minecraft:cat":5,"minecraft:pig":45,"minecraft:zombie_villager":2,"minecraft:salmon":18,"minecraft:iron_golem":32,"minecraft:creeper":12,"minecraft:sheep":9,"minecraft:trader_llama":10,"minecraft:pillager":7,"minecraft:zombie":68,"minecraft:cow":137,"minecraft:vex":2,"minecraft:vindicator":3,"minecraft:llama":1,"minecraft:drowned":2,"minecraft:snow_golem":1,"minecraft:wandering_trader":4,"minecraft:squid":1,"minecraft:enderman":22},"minecraft:used":{"minecraft:music_disc_far":1,"minecraft:iron_shovel":392,"minecraft:poppy":6,"minecraft:oak_sign":5,"minecraft:white_concrete_powder":79,"minecraft:chest":17,"minecraft:shield":3,"minecraft:iron_sword":167,"minecraft:stone":148,"minecraft:quartz_stairs":2,"minecraft:rotten_flesh":5,"minecraft:carrot":127,"minecraft:snowball":286,"minecraft:obsidian":3,"minecraft:spruce_boat":1,"minecraft:glass":43,"minecraft:bricks":4,"minecraft:lantern":15,"minecraft:birch_sapling":1,"minecraft:quartz_block":2,"minecraft:dark_oak_leaves":39,"minecraft:dark_oak_slab":13,"minecraft:golden_sword":2,"minecraft:bow":220,"minecraft:sweet_berries":27,"minecraft:oak_sapling":7,"minecraft:furnace":6,"minecraft:cooked_cod":44,"minecraft:egg":1,"minecraft:potato":110,"minecraft:dark_oak_sapling":4,"minecraft:dark_oak_stairs":82,"minecraft:diorite":6,"minecraft:stone_pickaxe":163,"minecraft:powered_rail":4,"minecraft:oak_planks":141,"minecraft:blackstone":1,"minecraft:ender_pearl":4,"minecraft:wooden_pickaxe":58,"minecraft:composter":2,"minecraft:sugar_cane":11,"minecraft:diamond_axe":666,"minecraft:sand":16,"minecraft:blast_furnace":1,"minecraft:crossbow":148,"minecraft:pumpkin_seeds":2,"minecraft:redstone_torch":1,"minecraft:firework_rocket":1,"minecraft:dark_oak_log":374,"minecraft:melon_slice":47,"minecraft:gravel":12,"minecraft:diamond_sword":1038,"minecraft:wooden_sword":53,"minecraft:dark_oak_fence":18,"minecraft:andesite":4,"minecraft:birch_log":3,"minecraft:white_concrete":180,"minecraft:bone_meal":22,"minecraft:oak_fence":174,"minecraft:rose_bush":29,"minecraft:stone_sword":251,"minecraft:flint_and_steel":2,"minecraft:stone_shovel":1156,"minecraft:redstone":4,"minecraft:spruce_planks":1,"minecraft:cooked_salmon":17,"minecraft:stone_hoe":106,"minecraft:cooked_chicken":5,"minecraft:netherrack":26,"minecraft:oak_door":1,"minecraft:torch":111,"minecraft:dirt":2261,"minecraft:anvil":1,"minecraft:spruce_stairs":2,"minecraft:oak_fence_gate":5,"minecraft:granite":5,"minecraft:dark_oak_planks":17,"minecraft:red_tulip":1,"minecraft:light_weighted_pressure_plate":1,"minecraft:iron_axe":737,"minecraft:oak_stairs":12,"minecraft:barrel":2,"minecraft:melon_seeds":8,"minecraft:tripwire_hook":1,"minecraft:glowstone":1,"minecraft:minecart":10,"minecraft:cooked_beef":263,"minecraft:acacia_planks":1,"minecraft:wheat_seeds":928,"minecraft:cooked_mutton":16,"minecraft:water_bucket":104,"minecraft:glass_bottle":3,"minecraft:baked_potato":88,"minecraft:fletching_table":1,"minecraft:cobblestone_slab":4,"minecraft:mossy_cobblestone":1,"minecraft:tnt":7,"minecraft:crafting_table":12,"minecraft:music_disc_cat":1,"minecraft:birch_sign":2,"minecraft:oak_slab":170,"minecraft:white_bed":33,"minecraft:campfire":6,"minecraft:painting":30,"minecraft:spruce_log":41,"minecraft:dark_oak_door":6,"minecraft:oak_log":118,"minecraft:gray_terracotta":2,"minecraft:flower_pot":2,"minecraft:diamond_pickaxe":486,"minecraft:oxeye_daisy":2,"minecraft:apple":1,"minecraft:diamond_shovel":1241,"minecraft:sunflower":3,"minecraft:iron_pickaxe":851,"minecraft:spruce_trapdoor":10,"minecraft:stone_axe":304,"minecraft:fishing_rod":33,"minecraft:cobblestone":368,"minecraft:potion":3,"minecraft:white_banner":3,"minecraft:cooked_porkchop":100,"minecraft:bucket":107,"minecraft:glass_pane":47,"minecraft:dandelion":1,"minecraft:smooth_stone":350},"minecraft:broken":{"minecraft:golden_boots":3,"minecraft:stone_pickaxe":1,"minecraft:stone_axe":2,"minecraft:stone_shovel":3,"minecraft:golden_chestplate":1,"minecraft:leather_helmet":1,"minecraft:stone_sword":1,"minecraft:iron_axe":5,"minecraft:leather_boots":1,"minecraft:iron_pickaxe":3},"minecraft:mined":{"minecraft:dark_oak_planks":1,"minecraft:spruce_planks":1,"minecraft:attached_melon_stem":2,"minecraft:white_bed":28,"minecraft:farmland":43,"minecraft:spruce_trapdoor":4,"minecraft:granite":31,"minecraft:grass_block":860,"minecraft:white_concrete":248,"minecraft:composter":1,"minecraft:oak_wall_sign":2,"minecraft:oxeye_daisy":2,"minecraft:smooth_stone":47,"minecraft:tall_seagrass":3,"minecraft:glowstone":1,"minecraft:iron_ore":47,"minecraft:barrel":1,"minecraft:fire":3,"minecraft:fletching_table":1,"minecraft:dark_oak_stairs":21,"minecraft:potted_dandelion":1,"minecraft:oak_sign":2,"minecraft:oak_stairs":12,"minecraft:birch_wall_sign":1,"minecraft:white_banner":3,"minecraft:quartz_block":2,"minecraft:blackstone":3,"minecraft:melon_stem":2,"minecraft:torch":51,"minecraft:poppy":5,"minecraft:melon":11,"minecraft:chest":10,"minecraft:mushroom_stem":2,"minecraft:glass":6,"minecraft:cobblestone":83,"minecraft:oak_planks":142,"minecraft:sugar_cane":25,"minecraft:bricks":4,"minecraft:wall_torch":20,"minecraft:seagrass":1,"minecraft:powered_rail":4,"minecraft:dark_oak_slab":1,"minecraft:birch_log":8,"minecraft:wheat":896,"minecraft:pumpkin_stem":1,"minecraft:grass":67,"minecraft:oak_log":297,"minecraft:oak_fence_gate":2,"minecraft:sand":197,"minecraft:dirt":730,"minecraft:tripwire_hook":1,"minecraft:red_mushroom_block":3,"minecraft:netherrack":116,"minecraft:oak_leaves":159,"minecraft:quartz_stairs":2,"minecraft:mossy_cobblestone":1,"minecraft:dark_oak_leaves":26,"minecraft:oak_door":1,"minecraft:dark_oak_log":518,"minecraft:dark_oak_fence":2,"minecraft:redstone_wire":51,"minecraft:birch_slab":145,"minecraft:spruce_leaves":35,"minecraft:white_concrete_powder":2,"minecraft:oak_trapdoor":97,"minecraft:furnace":3,"minecraft:carrots":53,"minecraft:snow":265,"minecraft:andesite":10,"minecraft:potatoes":28,"minecraft:cobblestone_slab":2,"minecraft:rail":2,"minecraft:lantern":4,"minecraft:bamboo":2,"minecraft:stone":535,"minecraft:cake":1,"minecraft:oak_slab":133,"minecraft:glass_pane":21,"minecraft:basalt":28,"minecraft:dandelion":1,"minecraft:oak_fence":84,"minecraft:crafting_table":6,"minecraft:rose_bush":29,"minecraft:campfire":4,"minecraft:tall_grass":19,"minecraft:lily_pad":4,"minecraft:diorite":9,"minecraft:spruce_stairs":2,"minecraft:sweet_berry_bush":14,"minecraft:spruce_log":88,"minecraft:birch_leaves":35,"minecraft:bee_nest":1,"minecraft:coal_ore":134,"minecraft:flower_pot":1,"minecraft:sunflower":5,"minecraft:gravel":45,"minecraft:birch_sign":1,"minecraft:gold_ore":15},"minecraft:killed_by":{"minecraft:zombie_villager":1,"minecraft:zombified_piglin":1,"minecraft:creeper":8,"minecraft:pillager":1,"minecraft:ravager":1,"minecraft:vindicator":12,"minecraft:zombie":12,"minecraft:vex":1,"minecraft:player":5,"minecraft:spider":4,"minecraft:enderman":1,"minecraft:iron_golem":8,"minecraft:skeleton":17,"minecraft:phantom":1},"minecraft:crafted":{"minecraft:smooth_stone":322,"minecraft:oak_planks":696,"minecraft:barrel":2,"minecraft:leather_horse_armor":1,"minecraft:cooked_chicken":5,"minecraft:stone":390,"minecraft:cooked_mutton":16,"minecraft:cake":2,"minecraft:dark_oak_door":6,"minecraft:glass":70,"minecraft:bow":3,"minecraft:diamond_helmet":3,"minecraft:diamond_leggings":3,"minecraft:melon_seeds":4,"minecraft:chest":6,"minecraft:stone_hoe":2,"minecraft:oak_fence":129,"minecraft:name_tag":1,"minecraft:glass_bottle":9,"minecraft:oak_slab":126,"minecraft:emerald":555,"minecraft:arrow":464,"minecraft:cooked_porkchop":94,"minecraft:diamond_axe":1,"minecraft:crafting_table":6,"minecraft:spruce_planks":84,"minecraft:wooden_pickaxe":2,"minecraft:fletching_table":1,"minecraft:oak_wood":6,"minecraft:birch_planks":20,"minecraft:campfire":6,"minecraft:tnt":23,"minecraft:spruce_trapdoor":8,"minecraft:dark_oak_slab":30,"minecraft:iron_chestplate":1,"minecraft:book":9,"minecraft:paper":36,"minecraft:diamond_pickaxe":1,"minecraft:stick":260,"minecraft:iron_ingot":51,"minecraft:iron_pickaxe":5,"minecraft:stone_sword":3,"minecraft:gold_ingot":12,"minecraft:composter":1,"minecraft:wooden_sword":1,"minecraft:stone_shovel":4,"minecraft:fishing_rod":2,"minecraft:tripwire_hook":2,"minecraft:iron_nugget":90,"minecraft:furnace":4,"minecraft:blast_furnace":1,"minecraft:glass_pane":80,"minecraft:lantern":11,"minecraft:blue_ice":5,"minecraft:dark_oak_fence":24,"minecraft:spruce_stairs":24,"minecraft:iron_axe":3,"minecraft:stone_pickaxe":4,"minecraft:diamond_boots":2,"minecraft:dark_oak_planks":148,"minecraft:cooked_beef":276,"minecraft:sugar":6,"minecraft:cooked_cod":9,"minecraft:crossbow":2,"minecraft:diamond_sword":2,"minecraft:dark_oak_stairs":60,"minecraft:cooked_salmon":4,"minecraft:bucket":3,"minecraft:stone_axe":4,"minecraft:glowstone":1,"minecraft:enchanted_book":7,"minecraft:air":0,"minecraft:oak_fence_gate":5,"minecraft:golden_apple":3,"minecraft:gold_nugget":54,"minecraft:oak_stairs":40,"minecraft:iron_shovel":1,"minecraft:iron_leggings":1,"minecraft:anvil":1,"minecraft:white_bed":3,"minecraft:torch":52,"minecraft:diamond_chestplate":3},"minecraft:dropped":{"minecraft:piston":3,"minecraft:porkchop":1,"minecraft:dark_oak_stairs":2,"minecraft:diamond_axe":1,"minecraft:cooked_beef":28,"minecraft:oak_log":1,"minecraft:baked_potato":252,"minecraft:ender_pearl":2,"minecraft:glass_bottle":9,"minecraft:dark_oak_sapling":1,"minecraft:cooked_porkchop":66,"minecraft:crossbow":2,"minecraft:leather":110,"minecraft:fletching_table":1,"minecraft:saddle":1,"minecraft:elytra":3,"minecraft:birch_slab":136,"minecraft:flint":6,"minecraft:emerald":5,"minecraft:dirt":45,"minecraft:cooked_cod":2,"minecraft:snowball":34,"minecraft:bone_meal":2,"minecraft:sunflower":1,"minecraft:sand":3,"minecraft:iron_pickaxe":5,"minecraft:bone":1,"minecraft:oak_door":1,"minecraft:stone_axe":3,"minecraft:blackstone":9,"minecraft:sugar_cane":6,"minecraft:wheat":1,"minecraft:rotten_flesh":76,"minecraft:oak_planks":32,"minecraft:diamond_shovel":3,"minecraft:cooked_mutton":1,"minecraft:salmon":2,"minecraft:poppy":11,"minecraft:melon_seeds":1,"minecraft:leather_boots":1,"minecraft:ladder":5,"minecraft:painting":2,"minecraft:basalt":5,"minecraft:arrow":3,"minecraft:beef":3,"minecraft:netherrack":284,"minecraft:water_bucket":6,"minecraft:iron_ingot":80,"minecraft:wheat_seeds":489,"minecraft:tnt":23,"minecraft:diamond_leggings":1,"minecraft:lead":3,"minecraft:iron_helmet":6,"minecraft:feather":4,"minecraft:cobblestone":142,"minecraft:coal":156,"minecraft:stick":115,"minecraft:ink_sac":3,"minecraft:torch":17,"minecraft:leather_horse_armor":3,"minecraft:cooked_salmon":1,"minecraft:diamond_helmet":1,"minecraft:potion":1,"minecraft:iron_leggings":3,"minecraft:white_banner":10,"minecraft:iron_axe":3,"minecraft:smooth_stone":3,"minecraft:iron_shovel":2,"minecraft:string":5,"minecraft:spruce_sapling":3,"minecraft:oak_trapdoor":89,"minecraft:stone_shovel":4,"minecraft:iron_boots":3,"minecraft:name_tag":1,"minecraft:totem_of_undying":2,"minecraft:pumpkin_seeds":5,"minecraft:target":1,"minecraft:diamond_sword":8,"minecraft:stone":4,"minecraft:shield":5,"minecraft:diamond_chestplate":1,"minecraft:diamond_pickaxe":6,"minecraft:iron_chestplate":3,"minecraft:andesite":1,"minecraft:cake":3,"minecraft:blue_ice":5,"minecraft:oak_sapling":13,"minecraft:spider_eye":16,"minecraft:barrel":2,"minecraft:diamond_boots":1,"minecraft:stone_pickaxe":1}},"DataVersion":2567}