{"stats":{"minecraft:custom":{"minecraft:interact_with_crafting_table":86,"minecraft:open_shulker_box":10,"minecraft:eat_cake_slice":10,"minecraft:leave_game":281,"minecraft:time_since_death":36238,"minecraft:damage_resisted":140,"minecraft:sprint_one_cm":3729244,"minecraft:drop":228,"minecraft:talked_to_villager":3,"minecraft:deaths":54,"minecraft:jump":24471,"minecraft:interact_with_brewingstand":4,"minecraft:walk_on_water_one_cm":116551,"minecraft:interact_with_furnace":111,"minecraft:interact_with_cartography_table":1,"minecraft:play_one_minute":1605662,"minecraft:sleep_in_bed":23,"minecraft:open_enderchest":64,"minecraft:damage_dealt":17901,"minecraft:player_kills":5,"minecraft:crouch_one_cm":140309,"minecraft:interact_with_smoker":4,"minecraft:horse_one_cm":621215,"minecraft:interact_with_smithing_table":13,"minecraft:interact_with_anvil":4,"minecraft:mob_kills":117,"minecraft:climb_one_cm":176996,"minecraft:walk_one_cm":3299290,"minecraft:sneak_time":50519,"minecraft:walk_under_water_one_cm":138512,"minecraft:interact_with_blast_furnace":7,"minecraft:tune_noteblock":6,"minecraft:pot_flower":2,"minecraft:interact_with_grindstone":3,"minecraft:time_since_rest":26291,"minecraft:damage_taken":26437,"minecraft:minecart_one_cm":394917,"minecraft:swim_one_cm":59042,"minecraft:fly_one_cm":4495459,"minecraft:open_chest":763,"minecraft:aviate_one_cm":617055,"minecraft:fish_caught":17,"minecraft:fall_one_cm":444511},"minecraft:picked_up":{"minecraft:iron_chestplate":25,"minecraft:birch_door":2,"minecraft:wheat":127,"minecraft:lead":9,"minecraft:diamond_sword":13,"minecraft:potion":1,"minecraft:enchanted_book":1,"minecraft:golden_shovel":3,"minecraft:golden_sword":1,"minecraft:string":10,"minecraft:dark_oak_trapdoor":5,"minecraft:cooked_salmon":10,"minecraft:iron_leggings":24,"minecraft:netherite_ingot":3,"minecraft:pufferfish":2,"minecraft:shroomlight":32,"minecraft:oak_sign":1,"minecraft:gold_nugget":34,"minecraft:bucket":8,"minecraft:spruce_planks":23,"minecraft:rose_bush":2,"minecraft:cobblestone_slab":97,"minecraft:iron_pickaxe":17,"minecraft:melon_slice":116,"minecraft:iron_boots":20,"minecraft:diamond_ore":5,"minecraft:stick":335,"minecraft:oak_fence":95,"minecraft:torch":497,"minecraft:porkchop":22,"minecraft:target":2,"minecraft:diorite":22,"minecraft:golden_chestplate":2,"minecraft:stone_sword":3,"minecraft:nether_gold_ore":3,"minecraft:rotten_flesh":59,"minecraft:brown_shulker_box":9,"minecraft:glowstone":108,"minecraft:obsidian":11,"minecraft:cod":38,"minecraft:snowball":307,"minecraft:cobblestone":2697,"minecraft:birch_log":2,"minecraft:cooked_beef":38,"minecraft:feather":1,"minecraft:water_bucket":5,"minecraft:andesite":38,"minecraft:brown_wool":5,"minecraft:flint":21,"minecraft:netherite_leggings":1,"minecraft:dirt":1728,"minecraft:lantern":41,"minecraft:bone":23,"minecraft:bow":8,"minecraft:wheat_seeds":213,"minecraft:glowstone_dust":73,"minecraft:diamond_helmet":11,"minecraft:fletching_table":5,"minecraft:stone_hoe":1,"minecraft:oak_planks":56,"minecraft:cooked_porkchop":112,"minecraft:oak_pressure_plate":4,"minecraft:sand":60,"minecraft:ink_sac":10,"minecraft:barrel":3,"minecraft:diamond":24,"minecraft:netherite_helmet":1,"minecraft:granite":86,"minecraft:golden_apple":2,"minecraft:emerald":1,"minecraft:bread":14,"minecraft:oak_sapling":30,"minecraft:netherrack":2047,"minecraft:bricks":115,"minecraft:oak_leaves":188,"minecraft:diamond_pickaxe":10,"minecraft:fishing_rod":7,"minecraft:crafting_table":3,"minecraft:ladder":36,"minecraft:splash_potion":2,"minecraft:chicken":2,"minecraft:nether_wart":22,"minecraft:clay_ball":364,"minecraft:brown_mushroom":4,"minecraft:wooden_pickaxe":1,"minecraft:brick":8,"minecraft:shield":13,"minecraft:elytra":10,"minecraft:iron_axe":13,"minecraft:item_frame":1,"minecraft:quartz_slab":54,"minecraft:iron_shovel":17,"minecraft:blackstone":96,"minecraft:beef":39,"minecraft:iron_nugget":48,"minecraft:poppy":11,"minecraft:spruce_slab":62,"minecraft:minecart":7,"minecraft:sugar_cane":15,"minecraft:chest":2,"minecraft:phantom_membrane":3,"minecraft:egg":4,"minecraft:stone":2582,"minecraft:oak_door":8,"minecraft:spruce_fence":69,"minecraft:cake":5,"minecraft:carrot":2,"minecraft:netherite_pickaxe":17,"minecraft:tnt":78,"minecraft:stone_shovel":6,"minecraft:diamond_chestplate":7,"minecraft:arrow":31,"minecraft:cooked_cod":30,"minecraft:shears":2,"minecraft:diamond_boots":15,"minecraft:hay_block":8,"minecraft:polished_blackstone":1,"minecraft:mutton":21,"minecraft:rail":2,"minecraft:white_wool":17,"minecraft:lapis_ore":5,"minecraft:netherite_boots":1,"minecraft:yellow_shulker_box":2,"minecraft:basalt":142,"minecraft:salmon":2,"minecraft:leather":26,"minecraft:red_mushroom":23,"minecraft:birch_planks":34,"minecraft:oak_log":340,"minecraft:lily_pad":7,"minecraft:gunpowder":129,"minecraft:cobblestone_stairs":60,"minecraft:cooked_mutton":5,"minecraft:warped_stem":35,"minecraft:oak_fence_gate":1,"minecraft:iron_ingot":37,"minecraft:stone_pickaxe":2,"minecraft:cooked_chicken":1,"minecraft:iron_ore":79,"minecraft:iron_sword":22,"minecraft:soul_sand":3,"minecraft:scaffolding":53,"minecraft:oak_slab":130,"minecraft:warped_fungus":1,"minecraft:pumpkin":2,"minecraft:quartz":35,"minecraft:dandelion":8,"minecraft:gravel":229,"minecraft:lava_bucket":5,"minecraft:white_bed":3,"minecraft:spider_eye":4,"minecraft:firework_rocket":73,"minecraft:diamond_shovel":13,"minecraft:pumpkin_seeds":10,"minecraft:coal_ore":49,"minecraft:stone_axe":4,"minecraft:chainmail_leggings":6,"minecraft:iron_helmet":26,"minecraft:redstone_ore":7,"minecraft:painting":11,"minecraft:baked_potato":524,"minecraft:damaged_anvil":1,"minecraft:melon_seeds":1,"minecraft:coal":595,"minecraft:ender_pearl":53},"minecraft:killed":{"minecraft:zombified_piglin":1,"minecraft:spider":3,"minecraft:skeleton":18,"minecraft:chicken":2,"minecraft:silverfish":1,"minecraft:magma_cube":5,"minecraft:pig":12,"minecraft:creeper":4,"minecraft:sheep":12,"minecraft:trader_llama":2,"minecraft:zombie":28,"minecraft:cow":21,"minecraft:phantom":1,"minecraft:snow_golem":1,"minecraft:wandering_trader":1,"minecraft:squid":1},"minecraft:used":{"minecraft:iron_shovel":575,"minecraft:spruce_slab":30,"minecraft:oak_sign":1,"minecraft:ladder":15,"minecraft:poppy":1,"minecraft:chest":5,"minecraft:nether_wart":6,"minecraft:iron_sword":429,"minecraft:stone":291,"minecraft:rotten_flesh":3,"minecraft:soul_sand":3,"minecraft:carrot":5,"minecraft:snowball":139,"minecraft:lava_bucket":4,"minecraft:bricks":31,"minecraft:coal_ore":26,"minecraft:quartz_slab":3,"minecraft:lantern":36,"minecraft:item_frame":1,"minecraft:golden_sword":2,"minecraft:bow":5,"minecraft:hay_block":16,"minecraft:scaffolding":25,"minecraft:cooked_cod":8,"minecraft:damaged_anvil":1,"minecraft:diorite":8,"minecraft:stone_pickaxe":463,"minecraft:oak_planks":126,"minecraft:ender_pearl":4,"minecraft:wooden_pickaxe":14,"minecraft:sugar_cane":6,"minecraft:oak_leaves":11,"minecraft:white_wool":3,"minecraft:sand":1,"minecraft:shears":70,"minecraft:firework_rocket":13,"minecraft:melon_slice":35,"minecraft:oak_pressure_plate":8,"minecraft:diamond_ore":5,"minecraft:gravel":8,"minecraft:diamond_sword":83,"minecraft:andesite":1,"minecraft:oak_fence":96,"minecraft:rose_bush":2,"minecraft:stone_sword":17,"minecraft:flint_and_steel":136,"minecraft:stone_shovel":263,"minecraft:spruce_planks":12,"minecraft:brown_shulker_box":4,"minecraft:cooked_salmon":8,"minecraft:cooked_chicken":1,"minecraft:netherrack":782,"minecraft:oak_door":10,"minecraft:torch":179,"minecraft:dirt":3307,"minecraft:hopper":1,"minecraft:golden_shovel":32,"minecraft:granite":35,"minecraft:spruce_fence":73,"minecraft:oak_fence_gate":2,"minecraft:birch_door":3,"minecraft:shroomlight":4,"minecraft:iron_axe":279,"minecraft:glowstone":36,"minecraft:basalt":20,"minecraft:beef":1,"minecraft:netherite_pickaxe":2582,"minecraft:minecart":3,"minecraft:cooked_beef":29,"minecraft:cooked_mutton":18,"minecraft:wheat_seeds":49,"minecraft:water_bucket":43,"minecraft:warped_stem":17,"minecraft:cobblestone_stairs":78,"minecraft:birch_planks":35,"minecraft:lead":3,"minecraft:baked_potato":205,"minecraft:fletching_table":1,"minecraft:spruce_fence_gate":2,"minecraft:cobblestone_slab":7,"minecraft:oak_slab":533,"minecraft:tnt":27,"minecraft:crafting_table":5,"minecraft:white_bed":2,"minecraft:painting":6,"minecraft:cake":1,"minecraft:flower_pot":2,"minecraft:diamond_pickaxe":22,"minecraft:diamond_shovel":586,"minecraft:iron_pickaxe":1986,"minecraft:stone_axe":246,"minecraft:fishing_rod":35,"minecraft:cobblestone":984,"minecraft:potion":1,"minecraft:cooked_porkchop":12,"minecraft:bucket":54},"minecraft:broken":{"minecraft:iron_shovel":1,"minecraft:iron_chestplate":1,"minecraft:golden_shovel":1,"minecraft:iron_leggings":1,"minecraft:stone_pickaxe":3,"minecraft:stone_shovel":1,"minecraft:flint_and_steel":2,"minecraft:iron_pickaxe":5,"minecraft:iron_helmet":1},"minecraft:mined":{"minecraft:spruce_planks":13,"minecraft:white_bed":3,"minecraft:cobblestone_stairs":14,"minecraft:granite":71,"minecraft:grass_block":539,"minecraft:oak_pressure_plate":2,"minecraft:crimson_fungus":1,"minecraft:oak_wall_sign":1,"minecraft:tall_seagrass":3,"minecraft:glowstone":69,"minecraft:iron_ore":79,"minecraft:fire":32,"minecraft:target":4,"minecraft:pumpkin":2,"minecraft:fletching_table":1,"minecraft:quartz_slab":1,"minecraft:spruce_slab":18,"minecraft:brown_shulker_box":4,"minecraft:brown_mushroom":5,"minecraft:blackstone":16,"minecraft:clay":98,"minecraft:torch":20,"minecraft:poppy":5,"minecraft:chest":2,"minecraft:nether_quartz_ore":2,"minecraft:cobblestone":118,"minecraft:sugar_cane":8,"minecraft:oak_planks":21,"minecraft:damaged_anvil":1,"minecraft:bricks":3,"minecraft:wall_torch":14,"minecraft:seagrass":1,"minecraft:birch_log":2,"minecraft:wheat":63,"minecraft:tnt":6,"minecraft:warped_fungus":1,"minecraft:grass":17,"minecraft:oak_log":224,"minecraft:oak_fence_gate":1,"minecraft:sand":52,"minecraft:dirt":896,"minecraft:netherrack":269,"minecraft:oak_leaves":127,"minecraft:diamond_ore":5,"minecraft:oak_door":8,"minecraft:ladder":11,"minecraft:spruce_fence":18,"minecraft:spruce_leaves":1,"minecraft:red_mushroom":23,"minecraft:hay_block":8,"minecraft:redstone_ore":7,"minecraft:snow":207,"minecraft:andesite":31,"minecraft:shroomlight":9,"minecraft:cobblestone_slab":106,"minecraft:vine":3,"minecraft:rail":2,"minecraft:lantern":14,"minecraft:warped_stem":1,"minecraft:stone":3768,"minecraft:white_wool":2,"minecraft:podzol":1,"minecraft:oak_slab":102,"minecraft:scaffolding":2,"minecraft:basalt":15,"minecraft:dandelion":3,"minecraft:oak_fence":5,"minecraft:crafting_table":5,"minecraft:rose_bush":2,"minecraft:tall_grass":1,"minecraft:lapis_ore":8,"minecraft:lily_pad":6,"minecraft:diorite":21,"minecraft:birch_planks":6,"minecraft:birch_leaves":1,"minecraft:coal_ore":327,"minecraft:gravel":35,"minecraft:infested_stone":1},"minecraft:killed_by":{"minecraft:creeper":2,"minecraft:ravager":1,"minecraft:vindicator":1,"minecraft:piglin":5,"minecraft:witch":1,"minecraft:zombie":9,"minecraft:player":4,"minecraft:spider":4,"minecraft:skeleton":7},"minecraft:dropped":{"minecraft:iron_sword":3,"minecraft:birch_planks":14,"minecraft:cooked_beef":11,"minecraft:baked_potato":33,"minecraft:glass_bottle":1,"minecraft:ender_pearl":20,"minecraft:diamond":7,"minecraft:cooked_porkchop":14,"minecraft:elytra":5,"minecraft:dirt":8,"minecraft:netherite_boots":1,"minecraft:snowball":58,"minecraft:iron_pickaxe":2,"minecraft:white_wool":7,"minecraft:gravel":128,"minecraft:stone_axe":1,"minecraft:blackstone":4,"minecraft:iron_nugget":7,"minecraft:rotten_flesh":11,"minecraft:oak_planks":29,"minecraft:diamond_shovel":7,"minecraft:golden_shovel":1,"minecraft:white_bed":1,"minecraft:poppy":2,"minecraft:ladder":1,"minecraft:painting":1,"minecraft:basalt":1,"minecraft:quartz":1,"minecraft:splash_potion":1,"minecraft:netherrack":94,"minecraft:egg":1,"minecraft:enchanted_book":1,"minecraft:bread":14,"minecraft:netherite_pickaxe":5,"minecraft:wheat_seeds":19,"minecraft:netherite_helmet":1,"minecraft:iron_helmet":3,"minecraft:cobblestone":265,"minecraft:granite":1,"minecraft:golden_apple":1,"minecraft:lava_bucket":6,"minecraft:torch":139,"minecraft:melon_slice":3,"minecraft:yellow_shulker_box":2,"minecraft:iron_leggings":5,"minecraft:iron_axe":2,"minecraft:iron_shovel":1,"minecraft:string":2,"minecraft:dandelion":6,"minecraft:stone_sword":1,"minecraft:iron_boots":1,"minecraft:netherite_leggings":1,"minecraft:target":2,"minecraft:diamond_sword":3,"minecraft:iron_chestplate":3,"minecraft:diamond_pickaxe":4,"minecraft:golden_sword":1,"minecraft:diamond_boots":1,"minecraft:bow":2,"minecraft:stone_pickaxe":1,"minecraft:wooden_pickaxe":1,"minecraft:quartz_slab":51},"minecraft:crafted":{"minecraft:brick":64,"minecraft:oak_planks":512,"minecraft:oak_sign":3,"minecraft:oak_pressure_plate":8,"minecraft:cooked_chicken":2,"minecraft:stone":7,"minecraft:cobblestone_stairs":76,"minecraft:cooked_mutton":13,"minecraft:glass":8,"minecraft:hopper":1,"minecraft:iron_boots":2,"minecraft:chest":4,"minecraft:birch_door":3,"minecraft:bricks":46,"minecraft:oak_fence":93,"minecraft:flower_pot":2,"minecraft:oak_slab":564,"minecraft:cooked_porkchop":1,"minecraft:crafting_table":2,"minecraft:spruce_planks":140,"minecraft:iron_helmet":2,"minecraft:baked_potato":17,"minecraft:hay_block":8,"minecraft:birch_planks":8,"minecraft:iron_chestplate":1,"minecraft:stick":344,"minecraft:iron_ingot":40,"minecraft:iron_pickaxe":14,"minecraft:spruce_fence_gate":2,"minecraft:shears":1,"minecraft:oak_door":3,"minecraft:stone_shovel":2,"minecraft:iron_nugget":162,"minecraft:spruce_fence":78,"minecraft:flint_and_steel":4,"minecraft:lantern":16,"minecraft:iron_axe":1,"minecraft:ladder":12,"minecraft:stone_pickaxe":4,"minecraft:diamond_boots":1,"minecraft:cooked_beef":25,"minecraft:cooked_cod":1,"minecraft:iron_sword":4,"minecraft:cooked_salmon":12,"minecraft:bucket":1,"minecraft:stone_axe":2,"minecraft:glowstone":1,"minecraft:air":0,"minecraft:oak_fence_gate":1,"minecraft:iron_shovel":4,"minecraft:iron_leggings":5,"minecraft:torch":200,"minecraft:diamond_chestplate":1}},"DataVersion":2567}