{
  "minecraft:recipes/decorations/crafting_table": {
    "criteria": {
      "unlock_right_away": "2024-05-12 16:29:52 -0500"
    },
    "done": true
  },
  "minecraft:adventure/adventuring_time": {
    "criteria": {
      "minecraft:sunflower_plains": "2024-05-12 16:31:25 -0500",
      "minecraft:windswept_hills": "2024-05-12 16:31:18 -0500",
      "minecraft:dark_forest": "2024-05-12 16:31:50 -0500",
      "minecraft:river": "2024-05-12 16:31:19 -0500",
      "minecraft:forest": "2024-05-12 16:29:55 -0500"
    },
    "done": false
  },
  "DataVersion": 3465
}